N,ns/op
200.0,1.256175
1200.0,1.032448
3800.0,1.045038
3000.0,1.065262
3300.0,0.97079
2100.0,1.17
700.0,1.090556
3800.0,1.007106
3100.0,0.960346
2200.0,0.99401
1400.0,1.019371
1100.0,0.941736
3800.0,0.89713
4600.0,0.924552
4400.0,0.934296
3100.0,0.920432
1800.0,0.929613
1700.0,0.94168
2900.0,0.89686
900.0,0.94846
3600.0,1.070546
2900.0,1.072857
1600.0,0.962192
2000.0,0.93332
2200.0,1.027576
2900.0,0.94505
1300.0,1.071557
2300.0,0.936252
2400.0,0.934957
1900.0,0.931472
1700.0,1.019676
1800.0,1.060683
600.0,0.922707
4700.0,0.92788
1800.0,0.964445
200.0,1.006921
800.0,0.925146
4900.0,0.90997
2200.0,0.987808
3200.0,0.914755
1600.0,1.047661
400.0,1.047929
1300.0,1.059062
3400.0,0.930479
4400.0,0.925342
4800.0,0.982382
2500.0,0.871142
2000.0,1.023139
2300.0,0.972948
3900.0,0.935792
2800.0,0.933672
4200.0,0.958505
4400.0,0.945404
3100.0,0.963959
4300.0,0.982817
2300.0,0.971474
3600.0,0.939208
2200.0,0.933628
2300.0,0.913371
500.0,1.086503
4300.0,0.948452
2200.0,0.973788
2800.0,0.86163
1600.0,1.079995
3400.0,1.02426
2500.0,0.992338
2500.0,0.931313
3000.0,0.966767
2700.0,1.036893
1700.0,0.9427
300.0,1.069639
2400.0,1.001198
1200.0,0.912788
2400.0,0.893856
2700.0,0.89923
4300.0,0.947404
1500.0,0.938586
1900.0,0.872608
600.0,0.997572
3200.0,1.034204
3000.0,0.910376
3000.0,0.973673
4800.0,0.919283
4800.0,0.983092
4200.0,0.991366
3600.0,0.947548
2100.0,1.014319
900.0,0.94724
2400.0,0.957164
4900.0,0.990338
3200.0,0.976934
900.0,1.061558
800.0,1.085158
4200.0,0.99502
4600.0,0.949652
3100.0,1.044111
800.0,0.906388
500.0,0.868258
2800.0,0.993186
100.0,1.165683
3200.0,1.024637
3600.0,0.959961
3200.0,0.951052
1500.0,1.007208
3400.0,0.988596
4600.0,0.885392
600.0,1.049266
600.0,1.0702
2400.0,0.978261
2100.0,0.976921
3100.0,1.006687
100.0,1.07498
500.0,1.040814
3800.0,0.95481
500.0,1.045942
1100.0,0.987712
200.0,0.854539
300.0,0.888969
3700.0,0.906266
1500.0,0.931268
700.0,1.213617
1400.0,0.974339
2100.0,0.941846
2600.0,1.02903
1900.0,1.004367
3800.0,0.981302
4700.0,0.967027
2700.0,0.94739
3900.0,0.924439
4500.0,0.97244
4500.0,0.95095
1300.0,0.897401
2200.0,0.884738
800.0,0.913405
900.0,0.907535
3400.0,0.909658
2600.0,0.946842
3500.0,1.010974
4300.0,1.023113
2800.0,0.913381
1000.0,1.001389
4300.0,0.956266
500.0,1.046913
3300.0,0.981529
4500.0,0.974195
2600.0,0.9258
3900.0,0.987373
3000.0,1.040795
1400.0,0.873771
4800.0,1.021019
4100.0,0.916014
3900.0,0.944486
500.0,1.072415
2200.0,1.045495
3500.0,0.961294
3900.0,0.973853
3100.0,1.022377
3000.0,0.882026
2900.0,1.01904
1200.0,0.990487
3700.0,0.895491
4500.0,0.935797
3000.0,0.972576
1900.0,0.982141
4800.0,0.985009
400.0,1.049574
4000.0,0.973788
1400.0,1.05807
1900.0,0.921871
3200.0,0.928487
2200.0,1.010985
3500.0,0.977847
700.0,0.906557
2000.0,1.107481
3600.0,0.995921
700.0,1.068459
4500.0,1.000265
3600.0,0.96592
4600.0,0.959646
300.0,1.10743
2000.0,0.985648
1500.0,0.984062
2000.0,0.96911
4400.0,0.909442
500.0,0.86913
4100.0,0.956031
500.0,1.068917
2300.0,1.058946
3600.0,0.936287
3300.0,0.96762
2100.0,1.034722
3900.0,0.980265
4000.0,0.983887
1100.0,1.098786
1200.0,1.054758
4100.0,0.921458
900.0,1.042202
100.0,1.372508
4100.0,0.95419
4900.0,0.885708
1600.0,0.883924
2500.0,1.083365
4300.0,0.944939
3200.0,1.011485
3600.0,0.952351
1200.0,1.075758
3600.0,0.952913
1500.0,0.944554
600.0,0.865962
4600.0,0.928815
1300.0,1.010139
2500.0,1.007977
100.0,1.080002
4300.0,0.876982
2600.0,0.957117
600.0,0.89997
100.0,0.920544
4100.0,0.890658
1300.0,1.047796
1100.0,1.031037
2200.0,0.993493
900.0,0.869916
4000.0,0.958934
2600.0,1.033842
2700.0,1.013275
2900.0,0.886568
1500.0,0.965513
2100.0,1.03237
500.0,0.896891
1900.0,1.035934
4800.0,0.955799
400.0,1.051638
3700.0,0.976532
1900.0,0.964537
3300.0,0.985996
300.0,1.153322
2200.0,1.052685
100.0,1.402019
1900.0,0.940778
3700.0,0.88894
3100.0,0.875849
300.0,0.867775
4900.0,0.868606
3500.0,0.876829
3900.0,0.926379
4400.0,1.010719
500.0,1.044896
1000.0,1.035344
900.0,0.868492
100.0,0.859042
4500.0,0.996645
2700.0,1.003935
2300.0,1.021849
400.0,1.048713
2600.0,0.961053
4000.0,0.909821
3200.0,0.994468
3100.0,1.040737
700.0,1.024618
4500.0,0.965165
1800.0,0.946829
4400.0,0.873153
2900.0,0.89633
3300.0,0.918155
1100.0,1.02469
2100.0,1.048691
3300.0,0.922052
3900.0,0.961016
4000.0,0.861327
2100.0,0.918221
3000.0,0.892874
2100.0,0.894393
3900.0,1.003797
500.0,0.875427
2300.0,0.935314
800.0,0.908079
1700.0,0.940569
1900.0,1.063527
4700.0,0.954089
2000.0,0.999743
4300.0,0.949455
3900.0,0.867625
2800.0,0.871059
4700.0,0.880862
4200.0,0.912191
1500.0,1.054842
4500.0,0.968703
3400.0,0.956524
3600.0,0.950161
1000.0,1.050794
1000.0,1.049353
500.0,1.155291
4000.0,0.91972
2700.0,0.859529
3300.0,1.01325
2700.0,0.93696
3900.0,0.988448
4000.0,0.968412
3600.0,0.880199
700.0,0.916553
700.0,0.994271
3200.0,1.046083
2600.0,0.999636
300.0,0.902743
4200.0,0.992626
2500.0,1.001625
3600.0,0.889769
2400.0,0.945523
4100.0,0.875848
1600.0,0.874065
1500.0,0.918032
4000.0,0.858382
400.0,0.893619
2500.0,0.884522
3500.0,0.911239
1800.0,0.974382
4700.0,0.919769
400.0,0.924134
4100.0,0.873213
2200.0,0.880633
100.0,1.07405
700.0,0.922626
4100.0,0.884829
2300.0,0.948535
4000.0,1.013624
500.0,0.994097
300.0,0.88229
2600.0,0.950469
1500.0,1.013579
900.0,1.055165
1500.0,1.047764
1600.0,0.936337
3400.0,0.914501
400.0,0.869447
2300.0,1.014757
700.0,0.889947
1700.0,0.972493
2300.0,1.014872
1100.0,0.957267
1300.0,1.025645
3000.0,0.960106
100.0,1.092836
1700.0,1.045096
2900.0,0.968167
2200.0,1.021263
1200.0,0.959958
100.0,0.858918
300.0,0.877195
700.0,1.104559
900.0,1.09398
2900.0,0.976782
1000.0,0.967231
200.0,1.047007
600.0,0.932538
4800.0,0.874642
4400.0,1.069414
1700.0,0.904182
3800.0,0.972407
2500.0,1.023283
900.0,1.038942
4700.0,0.969247
100.0,1.333449
100.0,1.090976
3500.0,1.01508
1000.0,0.994183
4200.0,0.873127
1500.0,0.904579
3500.0,0.906151
2000.0,0.900915
2700.0,0.943114
1100.0,1.049877
2100.0,1.068541
4500.0,0.999102
2700.0,1.020622
700.0,0.913181
1400.0,0.89493
2100.0,1.042506
1000.0,0.959901
4200.0,1.015233
3700.0,0.98827
2800.0,0.892945
1300.0,1.046898
4100.0,1.013434
2500.0,0.969268
4300.0,0.951908
3300.0,1.017057
2700.0,0.875229
2800.0,1.047921
2600.0,1.009767
3400.0,1.004458
1000.0,1.054089
400.0,0.878058
4800.0,0.9709
2000.0,1.053243
1600.0,0.931032
1900.0,0.998571
3600.0,0.930611
4700.0,0.902239
1600.0,0.944434
3500.0,0.913667
100.0,1.100399
3800.0,0.941598
3300.0,0.869785
4900.0,0.883929
3300.0,0.958373
4300.0,0.891854
100.0,1.027552
4600.0,0.937352
500.0,0.871088
3300.0,1.010731
700.0,1.062175
4000.0,0.912489
3700.0,0.958073
3400.0,1.006307
3800.0,1.326859
2200.0,1.22432
4700.0,1.213207
3300.0,1.199976
4400.0,1.190075
2900.0,1.176111
1800.0,1.187164
1800.0,1.22513
2200.0,1.263611
400.0,1.110477
1000.0,1.329591
1900.0,1.351212
3300.0,1.195368
1800.0,1.266522
4800.0,1.174274
3800.0,1.167849
2300.0,1.284385
2300.0,1.150997
2500.0,1.175931
800.0,1.257827
2100.0,1.196044
3500.0,1.200954
400.0,1.180939
600.0,1.334158
4500.0,1.193345
1700.0,1.145526
400.0,1.261996
1300.0,1.137492
300.0,1.066966
2600.0,0.933853
200.0,1.071933
4000.0,1.012882
3800.0,1.027049
4700.0,0.950818
500.0,0.951097
300.0,1.070863
4400.0,0.961105
4100.0,1.109377
3400.0,1.055936
4500.0,1.058734
3300.0,1.019196
500.0,1.310968
2800.0,1.014176
3200.0,0.995328
2700.0,0.947027
2500.0,1.079644
2800.0,1.05965
700.0,1.071318
3800.0,1.030888
600.0,1.092266
4700.0,0.969251
1900.0,0.960177
4500.0,1.004164
4800.0,1.057093
1700.0,1.021868
3200.0,1.035478
1300.0,1.115743
600.0,1.046239
1200.0,1.05217
2900.0,1.076252
100.0,0.959602
3100.0,1.035237
300.0,1.03897
2700.0,1.024633
3100.0,1.008435
4400.0,1.00379
1400.0,1.116145
3800.0,1.022254
2900.0,0.89508
2200.0,0.925731
3700.0,0.911865
2100.0,1.033211
2800.0,0.937555
3900.0,0.906439
2400.0,1.038375
3900.0,0.990666
2700.0,0.992971
4100.0,0.921537
500.0,1.0444
4100.0,0.933835
2800.0,0.885979
3900.0,0.965796
3800.0,1.024409
1800.0,0.959712
3400.0,0.931127
2500.0,0.889421
4600.0,0.915115
3700.0,0.932116
3000.0,0.885561
1800.0,0.891492
1700.0,0.906977
1800.0,0.889978
1400.0,0.926269
4800.0,0.938281
4000.0,0.88363
2500.0,0.889772
500.0,0.993623
1500.0,1.005144
700.0,0.860551
4500.0,0.891491
2100.0,0.880736
100.0,1.317392
4100.0,0.966834
4900.0,0.91382
800.0,0.880018
200.0,0.952764
3700.0,0.876064
400.0,0.960598
4300.0,0.889679
4500.0,0.985481
3500.0,0.927926
4800.0,0.894697
2600.0,0.909242
4100.0,0.890013
3600.0,0.898533
2400.0,0.901111
3600.0,0.946703
4200.0,0.930167
3700.0,0.870709
1100.0,0.900163
1100.0,0.993388
2900.0,1.006656
4500.0,0.912383
2300.0,0.888722
4900.0,0.951395
2900.0,1.061002
4600.0,0.906856
4100.0,0.923336
4300.0,0.867282
100.0,0.937035
3200.0,0.857819
2000.0,0.906991
4100.0,0.922276
2300.0,0.951006
4500.0,0.982808
2900.0,1.082114
3100.0,0.893289
2000.0,1.038737
2500.0,1.013906
3600.0,0.987798
1800.0,1.030564
4100.0,1.038017
2100.0,0.970015
1100.0,1.025603
800.0,1.084094
4500.0,0.945061
400.0,1.048553
3500.0,1.026662
100.0,1.364634
2900.0,0.872578
800.0,1.055187
1200.0,0.888281
2000.0,0.91522
1400.0,0.899719
1900.0,0.992696
900.0,0.889549
4600.0,0.97072
3600.0,0.874856
3300.0,0.87632
1100.0,1.026882
2700.0,0.994634
2500.0,1.054776
2100.0,0.93682
1600.0,0.886995
4300.0,0.879707
4200.0,0.892097
2200.0,1.049981
400.0,1.047524
1500.0,0.966591
100.0,1.071012
2600.0,0.870373
3200.0,0.866465
1000.0,1.021033
2500.0,0.893545
4100.0,0.881967
3200.0,0.874704
1700.0,1.040055
400.0,0.861617
4700.0,0.874433
3800.0,0.927738
1700.0,0.865765
200.0,0.910863
3600.0,0.8691
2500.0,0.873921
2700.0,0.911875
800.0,0.949951
2300.0,0.882967
1100.0,1.038859
3700.0,0.889915
2800.0,0.88769
3000.0,0.867138
200.0,0.895979
1100.0,1.067357
3400.0,0.933597
1700.0,0.891226
1100.0,0.913361
2100.0,0.910882
4800.0,0.869731
2400.0,0.929112
3400.0,0.86523
2300.0,0.870735
4100.0,0.885989
4600.0,0.93398
4000.0,0.871799
3000.0,0.930862
2700.0,0.904143
3900.0,0.886722
1500.0,1.004747
2700.0,0.949867
3900.0,0.917615
1900.0,0.944564
4200.0,0.91618
3100.0,0.855254
1000.0,0.861575
1000.0,0.87841
4200.0,0.867425
4900.0,0.858841
3000.0,0.869263
1400.0,1.010892
2100.0,1.038428
3600.0,0.960142
3400.0,0.912109
200.0,0.952195
3800.0,0.875231
1700.0,0.922737
4100.0,0.877356
4400.0,0.893284
1900.0,0.889414
3800.0,0.904242
2900.0,0.956624
3500.0,0.967564
3900.0,0.908061
600.0,1.05785
3600.0,0.917817
3300.0,0.865003
3100.0,0.866731
300.0,0.874026
2700.0,0.881119
4500.0,1.019731
1800.0,0.911699
500.0,0.870054
3900.0,0.977625
3200.0,1.006663
400.0,1.056383
3600.0,0.982171
200.0,1.034645
2400.0,0.995566
900.0,1.001632
800.0,1.055558
3500.0,0.933734
3600.0,0.975816
700.0,1.064354
2700.0,1.027852
3100.0,0.895503
200.0,1.064368
4300.0,0.866509
400.0,0.957237
1900.0,1.046783
3400.0,0.870798
500.0,0.891477
2400.0,0.889032
3500.0,0.868437
400.0,0.892969
200.0,1.248595
1900.0,0.896391
4000.0,0.95237
4300.0,0.879491
2100.0,0.890961
4900.0,0.904152
2900.0,0.893922
4100.0,0.875396
3500.0,0.978934
2800.0,0.869472
4100.0,0.879733
3300.0,0.877144
1800.0,0.861631
2000.0,0.984918
3300.0,0.868125
4400.0,0.896757
3400.0,0.888162
4000.0,0.924775
3200.0,0.887646
700.0,0.907802
3500.0,0.878597
4800.0,0.868444
3700.0,0.935012
500.0,0.875167
2500.0,0.913035
3400.0,0.935801
2700.0,0.94001
1400.0,1.025298
4900.0,0.942303
200.0,0.931237
2500.0,0.871565
1400.0,1.038544
3100.0,0.89473
3400.0,0.902402
2000.0,0.875461
900.0,0.91736
600.0,0.901817
2600.0,0.878829
3100.0,0.988107
1100.0,1.077095
3600.0,0.958528
200.0,0.941586
2400.0,1.025416
2600.0,0.904876
4700.0,0.870339
500.0,0.977753
3800.0,0.874684
4100.0,0.873111
4500.0,0.990948
4500.0,0.902186
3500.0,1.014711
900.0,1.060861
1400.0,0.942975
4400.0,0.895736
4100.0,0.86881
1600.0,0.9896
1000.0,0.890182
3500.0,0.894595
300.0,0.878767
400.0,1.103014
1900.0,0.989325
4200.0,0.868181
2500.0,1.009069
400.0,0.864932
4600.0,0.967089
400.0,0.887192
4000.0,0.901986
3800.0,0.95607
1900.0,0.890427
1700.0,0.893239
600.0,0.936955
2600.0,0.87496
2900.0,0.896954
3400.0,0.949457
500.0,1.044801
700.0,0.916415
2900.0,1.05175
2000.0,0.935905
4000.0,0.868964
1200.0,0.96643
3300.0,0.948255
1000.0,0.891709
2700.0,0.953828
1600.0,1.028019
4200.0,0.982063
2300.0,0.981753
3800.0,0.948497
3700.0,0.921176
300.0,0.952954
200.0,0.893841
2500.0,1.033609
3700.0,0.914227
4700.0,0.968723
1400.0,0.886954
4400.0,0.865212
800.0,0.997729
1100.0,1.048265
1500.0,0.883252
4200.0,0.993684
1900.0,1.058689
900.0,1.051546
2300.0,0.945358
4300.0,0.938608
4100.0,0.894146
1300.0,0.87302
1500.0,0.883734
900.0,0.942937
500.0,0.878474
4500.0,0.943392
3700.0,0.862518
1300.0,0.98137
1700.0,0.888595
2000.0,0.906638
4400.0,0.956974
2300.0,0.933175
4200.0,0.944405
2500.0,0.999568
3100.0,1.016952
3400.0,0.952555
4700.0,0.9486
3600.0,1.040658
1100.0,1.017782
4500.0,0.872816
600.0,0.9136
2700.0,0.881905
3300.0,0.866637
1400.0,0.992228
4600.0,0.933351
1600.0,0.974818
800.0,1.046224
2000.0,0.910886
4400.0,0.980365
1600.0,0.951196
1900.0,1.037095
3000.0,0.905989
4900.0,0.881499
3500.0,1.025028
1700.0,1.034445
3500.0,0.901426
2700.0,0.980612
2200.0,1.000134
1100.0,1.056383
2600.0,1.015601
2300.0,1.001658
3500.0,0.885317
500.0,0.883333
2700.0,0.882201
4100.0,0.89438
1700.0,1.033375
1800.0,0.952758
4200.0,0.950487
4300.0,0.99374
2300.0,1.039596
900.0,1.021
2800.0,0.977645
100.0,1.089426
3000.0,0.868613
3600.0,0.886905
1600.0,1.045678
3200.0,0.930299
1800.0,0.867604
4100.0,0.876321
600.0,1.220345
4400.0,1.006999
4200.0,0.873576
2200.0,1.020593
1000.0,1.072747
4300.0,0.989527
2200.0,1.022303
1400.0,0.871779
4000.0,1.028516
700.0,1.057554
3900.0,0.91593
4700.0,0.874885
2700.0,1.010757
4700.0,0.942805
1600.0,1.040881
2100.0,0.906919
800.0,0.978824
600.0,1.048862
2400.0,0.923827
1300.0,0.942976
2200.0,1.079894
1500.0,0.944493
3900.0,0.942069
1300.0,1.047476
2200.0,0.862425
4900.0,0.895331
3800.0,0.872021
4700.0,0.889767
1300.0,1.089107
2000.0,1.056513
700.0,0.964322
2100.0,0.92451
2800.0,0.904297
200.0,1.167806
200.0,1.076823
1100.0,0.938402
2200.0,1.002729
2600.0,0.923213
2000.0,1.048462
4700.0,0.921594
2900.0,1.022712
4700.0,0.909666
600.0,0.995778
1100.0,1.080113
3800.0,0.933011
4500.0,0.889009
4500.0,0.888704
3900.0,0.947703
2600.0,1.035754
1300.0,1.034594
4800.0,0.999049
1900.0,1.033269
3700.0,0.916374
4300.0,0.889172
3800.0,0.871404
1400.0,1.043474
4200.0,0.906113
2200.0,1.046262
4700.0,0.891283
4600.0,0.860615
2400.0,0.990553
1800.0,0.89057
4200.0,0.881681
1300.0,0.946881
1200.0,1.213472
2200.0,0.963178
4500.0,0.955909
700.0,1.026189
4400.0,0.897152
2800.0,0.887217
4700.0,0.932662
2700.0,0.956378
3300.0,0.867527
2600.0,1.03996
4900.0,0.888326
1700.0,1.02361
2700.0,0.852792
4700.0,0.876109
2300.0,0.948699
3600.0,0.881188
3700.0,0.902202
4500.0,1.007266
100.0,1.100337
2200.0,0.971425
4600.0,0.919641
4400.0,0.901359
3500.0,0.889291
3200.0,0.96446
3400.0,1.028207
200.0,0.930991
2600.0,1.056068
3000.0,1.027682
3100.0,0.885598
3300.0,0.898887
3400.0,0.879621
3300.0,0.87128
800.0,1.048624
4200.0,0.912778
1900.0,1.050975
400.0,0.875917
200.0,1.07547
2900.0,0.923676
4800.0,0.887954
900.0,0.941105
400.0,1.078743
900.0,0.983341
2700.0,1.031479
3900.0,0.88927
700.0,0.979067
2600.0,0.883605
400.0,1.013178
2100.0,0.884864
2700.0,1.001286
3800.0,0.980583
3600.0,0.901747
1600.0,1.041185
2400.0,1.036755
500.0,0.865212
2700.0,0.993307
1600.0,1.058107
1100.0,1.080805
4900.0,0.994155
4900.0,0.964672
2300.0,1.007834
1600.0,1.060861
2800.0,0.899691
1100.0,0.988044
1700.0,0.882292
300.0,0.914231
3400.0,0.863034
1700.0,1.029473
3400.0,1.002938
1200.0,1.03955
1300.0,1.062706
200.0,1.063814
700.0,1.060568
2900.0,0.897666
4700.0,1.009458
4900.0,0.919604
4500.0,0.870719
1400.0,0.8851
3900.0,0.871997
3800.0,1.02376
2800.0,1.021279
4700.0,0.871493
3600.0,0.918461
3800.0,0.889898
4100.0,0.863563
4800.0,0.951811
3400.0,0.933491
300.0,0.881249
100.0,1.146216
1300.0,0.975071
2500.0,1.051437
400.0,1.046733
600.0,1.024021
2700.0,0.988221
2700.0,0.962345
3100.0,1.049243
2200.0,0.885267
2400.0,1.038775
2600.0,0.90852
4200.0,1.010664
2200.0,0.993053
4900.0,0.972594
3100.0,0.937502
2300.0,0.906486
2800.0,0.91643
2800.0,0.950815
3700.0,0.958988
700.0,1.154621
3800.0,0.97921
4800.0,0.948721
4800.0,0.878659
1300.0,1.06419
600.0,1.103197
2600.0,0.978962
4700.0,0.95085
3700.0,1.024731
3900.0,0.908303
2400.0,0.943732
3600.0,0.857682
300.0,0.861293
4900.0,0.865172
4400.0,0.916103
3600.0,0.974714
4200.0,0.954863
3000.0,0.982882
1100.0,1.064501
3900.0,1.025116
600.0,1.008923
1700.0,1.057461
4600.0,1.009715
4500.0,0.997126
4900.0,0.968179
4700.0,0.946953
300.0,1.0593
2200.0,1.037451
1900.0,1.04576
4400.0,1.01537
1300.0,1.019157
3100.0,0.868513
4700.0,0.994189
3800.0,0.891433
1900.0,1.02194
2300.0,1.043421
4900.0,0.9474
4000.0,0.944313
100.0,1.110195
2600.0,0.961036
4400.0,0.918527
1900.0,1.001007
700.0,0.924293
2000.0,0.866161
2100.0,1.004844
3700.0,0.9946
3500.0,1.04502
3300.0,0.990484
600.0,1.070324
3400.0,0.956337
1900.0,0.949097
4700.0,0.971447
700.0,1.099616
2400.0,1.016644
3900.0,0.899809
500.0,1.148078
3500.0,1.004286
3500.0,0.970952
200.0,0.859567
900.0,1.057456
700.0,1.073985
3600.0,0.976422
2000.0,0.972504
2700.0,1.037231
2800.0,0.935792
4600.0,0.974868
4100.0,1.035098
800.0,1.005372
4700.0,0.957177
2800.0,1.006911
4100.0,1.033584
3200.0,1.014647
2500.0,0.874554
4100.0,0.937656
500.0,1.04702
4700.0,0.973734
4900.0,0.869128
1400.0,0.979203
300.0,0.879046
3500.0,0.899186
3800.0,0.891036
2900.0,1.022511
2800.0,0.983017
2600.0,0.931139
4200.0,0.987504
3000.0,0.930234
4600.0,0.926567
2000.0,0.966683
700.0,1.019224
100.0,1.076716
500.0,1.071269
700.0,0.963936
500.0,0.923393
400.0,0.879296
4300.0,1.020348
4800.0,0.95097
3900.0,0.948492
3300.0,0.966501
1000.0,1.039017
2800.0,1.01797
2900.0,0.907684
2700.0,1.012291
3000.0,0.996428
3400.0,0.910367
1400.0,0.952536
1200.0,1.018951
2700.0,0.891194
200.0,0.910033
2100.0,0.863872
4700.0,0.924237
2400.0,0.920646
600.0,0.863467
2500.0,0.889508
1600.0,1.018281
4000.0,1.007013
2500.0,0.908769
3100.0,0.950897
100.0,0.866605
1800.0,0.904683
2000.0,0.947461
200.0,1.112988
3700.0,0.858682
2700.0,0.911619
900.0,0.913796
3100.0,1.013261
1400.0,0.945244
1200.0,1.064782
4700.0,0.88439
800.0,1.045427
1900.0,1.09369
3200.0,0.947146
400.0,1.100391
800.0,1.072472
4700.0,0.859126
2000.0,0.866321
2100.0,0.874091
3300.0,0.880687
1900.0,1.035135
3900.0,0.861053
3100.0,0.886995
200.0,0.866394
1100.0,1.057946
1700.0,1.0395
3700.0,0.971044
1600.0,0.937441
1000.0,0.989838
4800.0,0.864996
1200.0,1.036804
400.0,1.003191
600.0,0.95777
2700.0,0.910384
1100.0,0.944271
3700.0,0.877326
1100.0,0.960863
4700.0,0.919343
3700.0,0.945543
2600.0,0.86553
800.0,0.942117
900.0,0.888341
3600.0,0.872382
3300.0,0.921718
4700.0,0.863764
2300.0,0.997391
1400.0,1.060288
2400.0,1.02887
3300.0,0.9962
4200.0,1.003684
4600.0,0.93987
3000.0,0.866316
1000.0,0.986109
4400.0,0.88035
4800.0,0.967354
2000.0,1.007327
2000.0,1.05129
1500.0,0.982732
300.0,0.868666
1700.0,0.95786
1200.0,0.895652
1700.0,1.054903
4600.0,0.90539
1600.0,1.046888
300.0,1.079366
2300.0,0.949642
4300.0,0.867948
2900.0,0.971693
300.0,1.297303
3300.0,0.882346
3500.0,0.885111
3700.0,0.981022
3900.0,0.955975
3100.0,0.995201
3700.0,0.996722
100.0,1.136854
200.0,1.060308
4500.0,1.001287
3400.0,0.912453
2600.0,0.91393
4000.0,0.935949
4900.0,0.930663
3100.0,0.911238
4200.0,0.966698
900.0,0.886027
1900.0,0.933622
2600.0,0.900566
2100.0,1.052569
3400.0,1.04015
1600.0,1.06669
1500.0,1.063168
3100.0,0.920952
1600.0,1.057056
200.0,1.056495
1000.0,0.945467
1800.0,0.881523
1700.0,0.934988
500.0,0.873713
1700.0,0.912114
2200.0,0.940364
2000.0,0.927206
700.0,1.110218
2500.0,1.045587
2900.0,1.011547
2900.0,0.911107
4800.0,0.891057
500.0,1.064002
2000.0,0.989413
200.0,0.887721
2400.0,0.871059
1800.0,1.039565
1400.0,1.015374
4900.0,0.907977
600.0,0.990936
3900.0,1.030415
2500.0,1.033556
1700.0,1.003944
4300.0,0.915211
1100.0,0.983623
500.0,0.88435
2100.0,1.041653
600.0,1.047005
3100.0,0.907973
3100.0,0.964761
200.0,1.123414
1100.0,1.05865
600.0,1.068037
4900.0,1.019286
100.0,1.331775
3900.0,0.938858
2700.0,1.017696
1400.0,1.041803
4100.0,0.934305
1400.0,0.95636
4700.0,0.87403
4500.0,0.96064
1100.0,1.064057
300.0,0.858334
1300.0,1.095552
3200.0,0.874399
3400.0,0.885135
1600.0,1.020081
1300.0,1.025972
4900.0,0.866761
2500.0,0.925596
1600.0,1.064367
900.0,0.892313
300.0,0.910388
100.0,1.018438
400.0,0.949113
1200.0,1.073303
4000.0,0.902859
4500.0,0.902849
4400.0,0.873317
4600.0,0.969665
4200.0,1.010287
200.0,0.844821
300.0,0.924795
2900.0,0.881665
4900.0,0.879724
1500.0,0.964906
2900.0,0.903845
3000.0,0.963053
3900.0,0.977306
1700.0,1.049929
1200.0,1.044956
4800.0,0.947387
600.0,0.957026
1200.0,1.054657
3400.0,0.975063
2900.0,1.037149
4100.0,0.933586
1100.0,1.017776
4800.0,0.862747
1800.0,1.053897
3700.0,0.990053
1300.0,1.008653
2700.0,0.876098
600.0,0.921971
900.0,0.894764
3100.0,0.924452
4300.0,0.888691
4300.0,0.881778
1200.0,0.895239
4800.0,0.877612
400.0,0.960988
1000.0,0.955713
2200.0,1.055934
3600.0,0.890306
300.0,0.873271
200.0,1.253284
1500.0,0.876484
1400.0,0.965131
800.0,1.02574
4900.0,0.915903
1100.0,0.968621
500.0,0.95982
2900.0,1.03709
4900.0,0.929989
1500.0,1.019086
4100.0,0.998954
3100.0,0.900098
1500.0,1.05406
3800.0,0.864131
2200.0,1.039463
1300.0,0.908746
2600.0,0.883126
700.0,0.954032
900.0,1.044176
800.0,0.966993
1900.0,0.878671
1400.0,0.928106
2100.0,1.049559
3200.0,0.944976
2600.0,1.058118
600.0,1.075368
2000.0,0.89929
2600.0,1.050365
300.0,1.115728
2200.0,0.917798
2800.0,0.953024
1800.0,1.052006
2100.0,1.051885
2100.0,0.882103
4000.0,0.986666
1700.0,0.926133
3100.0,0.861188
4800.0,0.978838
500.0,1.093794
4200.0,0.983962
4100.0,0.979351
2400.0,1.036981
3500.0,0.890164
300.0,0.862837
1500.0,0.944882
1100.0,1.01109
200.0,0.843852
2500.0,0.939996
100.0,1.000273
2200.0,1.068829
4900.0,0.924805
3600.0,0.965609
3200.0,1.076549
2400.0,0.961816
900.0,1.023183
2600.0,1.038352
3600.0,1.025905
4000.0,1.041617
2700.0,0.971043
1800.0,0.897888
2700.0,0.913326
4900.0,0.87635
400.0,0.953024
2800.0,0.883147
1500.0,1.06283
600.0,0.919157
2600.0,0.86324
4600.0,0.887445
3100.0,1.04567
3900.0,0.904633
2000.0,0.873784
2300.0,0.878474
3600.0,0.998871
4100.0,1.003862
2700.0,0.952185
4200.0,1.035636
1100.0,1.023688
700.0,1.022073
1500.0,1.058411
2100.0,0.992467
1000.0,1.008984
1500.0,0.956666
4000.0,0.864363
2500.0,1.00414
4300.0,0.87783
2000.0,0.943892
2800.0,0.868233
4700.0,0.933346
2600.0,0.902137
2700.0,1.032908
3600.0,0.9755
1900.0,1.049309
3600.0,1.035102
1000.0,1.004972
700.0,1.076792
4900.0,0.931632
2300.0,1.034224
3100.0,0.962493
1700.0,0.990993
4200.0,0.966864
200.0,1.069734
4600.0,0.880168
1800.0,0.956727
500.0,0.873848
1300.0,0.887049
400.0,0.879308
3100.0,0.872738
3100.0,0.987243
500.0,1.057386
3400.0,1.04955
4200.0,0.97331
600.0,1.07566
1300.0,0.943314
1200.0,0.997695
2400.0,0.91931
3200.0,0.964391
500.0,0.909547
1100.0,1.039544
1300.0,1.033237
4500.0,0.99304
2900.0,0.919956
4600.0,0.976072
4200.0,1.00502
4000.0,0.924411
400.0,1.063066
900.0,1.053035
4600.0,0.953171
4800.0,0.975083
4100.0,0.993338
3400.0,0.951484
1900.0,1.0481
3000.0,0.961127
4100.0,0.931619
3800.0,0.979044
2500.0,1.064832
3500.0,1.009405
300.0,1.037439
200.0,0.957208
4100.0,0.861579
3200.0,0.930456
1000.0,0.909566
3700.0,0.907416
1200.0,0.991231
1600.0,0.866127
2500.0,0.955385
1500.0,1.050821
2200.0,0.874501
400.0,0.882891
4300.0,0.981142
800.0,0.906075
4000.0,0.860228
4700.0,0.886177
4600.0,0.961739
4100.0,0.97011
1300.0,1.090595
200.0,1.064937
1300.0,1.048604
1300.0,0.885013
4500.0,0.875064
1400.0,0.928377
400.0,0.885663
4400.0,0.870927
3400.0,0.900592
3300.0,0.89704
1700.0,1.012625
4600.0,0.893568
2800.0,1.029304
2800.0,0.864005
4900.0,0.90035
3000.0,1.028064
4900.0,0.944457
3500.0,0.985717
1600.0,1.031664
2500.0,1.005502
1400.0,1.039964
4000.0,0.905452
200.0,0.867532
4000.0,0.870225
1800.0,1.055401
3400.0,0.86616
3000.0,0.924618
2000.0,0.909845
900.0,0.914753
2300.0,0.937159
3900.0,0.9466
4300.0,0.977902
3800.0,1.030386
2300.0,1.023674
1700.0,1.049161
4200.0,0.978141
800.0,1.002566
4200.0,1.087641
3400.0,0.914862
400.0,0.954247
1600.0,0.938707
2500.0,0.932528
3900.0,0.90824
800.0,0.938163
600.0,0.900187
3300.0,0.914821
1400.0,0.942321
1200.0,0.894017
3900.0,0.980306
2700.0,1.035606
3600.0,1.055291
3000.0,0.963328
1000.0,1.014677
1400.0,1.054335
2900.0,1.027635
1700.0,0.905748
1000.0,1.035326
2100.0,0.9288
2300.0,0.975927
2600.0,0.936004
2200.0,0.941098
1900.0,0.883117
2300.0,0.950044
3600.0,0.88571
4200.0,1.021132
3900.0,0.957198
800.0,1.094116
2100.0,1.050488
4100.0,1.009203
4900.0,0.97461
4200.0,0.970532
1200.0,0.909757
4800.0,0.897643
2100.0,0.887034
3700.0,0.876496
1200.0,1.037111
4900.0,0.866575
1900.0,0.874092
4200.0,0.986319
3500.0,0.878079
4700.0,0.872878
3500.0,0.938634
1800.0,0.981648
3300.0,0.958797
4600.0,0.917431
900.0,0.984682
4600.0,0.904971
1400.0,1.039829
1700.0,0.934515
2700.0,0.883495
700.0,0.949825
1100.0,0.893104
4400.0,0.891517
4700.0,0.891715
400.0,1.001356
600.0,1.087245
1800.0,0.909373
2400.0,1.03647
4600.0,0.99501
4100.0,0.929794
100.0,1.229355
3200.0,0.894327
3300.0,0.984121
2100.0,1.049595
300.0,1.041963
3800.0,0.973858
1800.0,1.063879
2300.0,0.928149
4400.0,0.93415
1500.0,1.048003
4300.0,0.873155
4300.0,0.99301
200.0,1.060185
4800.0,0.988336
3500.0,1.014189
2700.0,0.950504
1100.0,1.027711
3500.0,0.957895
500.0,1.102708
500.0,1.054199
3200.0,0.965771
100.0,1.066052
2200.0,1.046967
3700.0,0.993637
2300.0,0.92334
4400.0,1.034755
1800.0,1.04675
1400.0,1.030558
3500.0,0.99887
4500.0,0.866825
1200.0,1.017414
4600.0,0.861374
3500.0,0.974224
2800.0,1.019268
2200.0,1.051612
2800.0,0.921925
700.0,1.112534
3900.0,0.996069
1800.0,0.968085
1200.0,1.021227
700.0,1.06424
2000.0,1.052918
2300.0,1.037007
700.0,1.048906
2000.0,0.990565
2400.0,0.997687
2500.0,1.03778
2100.0,0.983897
1800.0,0.952944
2300.0,0.96006
2400.0,1.005468
1200.0,1.052632
2800.0,0.922526
1900.0,0.872321
600.0,0.932468
2600.0,0.944948
2100.0,0.997487
4200.0,0.956449
400.0,1.054965
100.0,1.12712
1300.0,1.046424
1100.0,1.054952
500.0,1.066353
2000.0,0.861698
1700.0,1.050372
1100.0,1.014169
1400.0,0.969746
3100.0,1.017057
3400.0,1.048685
2800.0,1.013373
4400.0,0.981405
2900.0,0.892594
2800.0,0.901681
2700.0,0.974319
3100.0,0.94389
2000.0,1.047942
600.0,1.07963
2900.0,0.931289
2100.0,0.992903
600.0,1.004855
4300.0,1.010095
4200.0,0.909031
400.0,1.074564
900.0,1.066264
3300.0,0.968363
1300.0,1.015149
1000.0,1.051367
3000.0,0.890026
500.0,1.057559
1500.0,1.047914
1800.0,1.045445
1800.0,0.896576
4500.0,1.004083
3500.0,0.876586
2800.0,0.913247
500.0,0.926485
4700.0,0.863316
2500.0,0.964198
1000.0,1.017512
100.0,1.063821
700.0,1.06147
3200.0,0.95576
700.0,0.984933
800.0,1.059757
3900.0,1.008302
4100.0,0.998604
4600.0,0.887604
1800.0,0.969477
1100.0,0.888164
4800.0,0.881028
100.0,1.058985
4600.0,0.864367
3800.0,1.002425
1000.0,1.079255
1200.0,1.061106
4800.0,0.864157
4100.0,0.877386
3200.0,0.882366
3800.0,0.896481
1700.0,1.029047
2100.0,1.089177
3500.0,0.943116
2500.0,0.922122
4000.0,0.949569
4900.0,0.973181
4200.0,0.977159
800.0,0.990758
2100.0,0.895058
3300.0,1.017413
1100.0,1.053603
4300.0,0.907316
1300.0,0.94424
600.0,0.935195
4300.0,0.870133
3100.0,0.877026
1100.0,1.014588
300.0,1.005267
4400.0,0.894007
4000.0,0.960662
600.0,1.076117
1800.0,0.955192
3700.0,1.023367
1700.0,1.048839
2400.0,1.031373
600.0,1.01744
1000.0,1.033265
500.0,1.086114
2200.0,1.043223
2200.0,1.039974
900.0,1.06504
1000.0,0.987538
4000.0,0.937394
1900.0,1.063773
4900.0,0.961679
500.0,0.969533
2400.0,1.037021
500.0,0.95743
2300.0,1.03656
2800.0,0.916417
4700.0,0.991094
300.0,1.062858
900.0,1.104126
1900.0,0.992329
2800.0,0.925349
900.0,1.009642
2400.0,0.891875
600.0,0.938065
2600.0,0.944465
400.0,0.935971
1400.0,1.066798
4500.0,0.993669
3900.0,0.877836
3900.0,0.881457
3900.0,0.934797
400.0,1.073344
1200.0,1.051717
2100.0,1.022082
4800.0,0.976011
4600.0,0.878323
4200.0,0.88273
1500.0,1.028583
4600.0,0.931879
2100.0,1.019366
2900.0,0.921189
3700.0,1.035783
1400.0,1.04697
3300.0,0.99946
3100.0,1.002893
4400.0,0.933912
3700.0,1.016224
4900.0,1.019134
1000.0,1.08988
4000.0,0.920661
3600.0,0.98249
4900.0,0.936481
200.0,1.057356
4700.0,0.98111
2000.0,1.02552
1400.0,1.065042
400.0,1.044022
4900.0,0.951137
3800.0,0.965571
2000.0,0.942399
300.0,1.015014
1800.0,0.899676
3200.0,0.874627
4000.0,0.889286
1000.0,0.958543
3200.0,0.976488
4300.0,0.967493
1800.0,1.064848
2900.0,0.979328
4500.0,0.967025
2000.0,1.049769
4300.0,0.978325
4900.0,0.993854
1800.0,1.071719
2800.0,1.003727
100.0,1.13704
4900.0,0.870199
1900.0,0.953696
1000.0,1.010087
300.0,1.062171
2400.0,0.877591
500.0,0.934409
800.0,1.064217
3200.0,0.877297
2400.0,1.010901
3800.0,1.007916
3500.0,0.899815
2200.0,1.041072
3500.0,1.020836
1700.0,0.914657
4400.0,0.858273
4900.0,0.878406
4400.0,1.012794
4900.0,0.878623
1300.0,0.987039
3000.0,0.900783
1400.0,1.037656
1100.0,0.939668
2000.0,0.982373
1000.0,1.036341
1700.0,1.051449
4200.0,0.889807
3900.0,0.905943
2600.0,0.873412
300.0,0.968972
3900.0,0.859213
1200.0,0.950984
3300.0,0.882924
4100.0,0.90337
1500.0,1.041836
4700.0,0.874623
200.0,1.069657
4100.0,0.97667
3700.0,1.015908
3400.0,0.938202
4800.0,0.945519
3300.0,1.031359
4800.0,1.005223
2800.0,0.917766
2500.0,0.948857
200.0,0.889659
1900.0,1.045114
3400.0,0.974736
1900.0,1.035904
3800.0,1.004424
1900.0,1.050249
2500.0,0.928011
500.0,0.931011
900.0,1.055825
500.0,1.081685
4400.0,0.995359
4400.0,0.882627
4900.0,0.872079
300.0,0.883201
1700.0,0.936241
4300.0,1.0314
4500.0,0.926401
2600.0,0.982679
2200.0,1.042635
1000.0,1.067674
3000.0,1.028199
2800.0,0.887703
3400.0,0.968939
400.0,1.067551
1600.0,1.057397
3100.0,0.912719
800.0,1.056652
1900.0,1.067286
3300.0,1.00911
3500.0,1.041793
3400.0,0.965273
2600.0,1.054584
3000.0,1.015466
2300.0,0.95093
200.0,1.097719
4100.0,1.026668
1700.0,0.972429
4300.0,0.85901
3700.0,1.016944
4200.0,0.882935
1500.0,0.983732
2300.0,1.02995
3800.0,0.86222
1200.0,1.012217
2200.0,0.960691
4000.0,0.938305
3500.0,1.028577
100.0,1.14262
4600.0,0.889175
4600.0,0.894508
1000.0,1.019622
2400.0,0.89608
4700.0,0.928606
500.0,1.075233
800.0,0.922683
2500.0,1.035674
2400.0,1.012924
800.0,1.096672
4000.0,0.980382
1400.0,1.047511
3700.0,0.990005
3900.0,0.917569
4700.0,0.87829
4500.0,0.876
900.0,0.969002
2700.0,1.05605
800.0,0.866811
4400.0,0.987218
3800.0,0.896798
1600.0,0.89896
1100.0,0.885108
4600.0,0.888668
4600.0,0.963912
4900.0,0.978503
4900.0,0.877442
3700.0,0.910898
3400.0,0.892949
2900.0,0.958122
200.0,0.853508
3200.0,0.956097
2800.0,0.863696
3200.0,0.94979
3700.0,0.964952
2400.0,0.907476
3000.0,1.005409
300.0,0.879263
2200.0,0.955208
600.0,0.987277
700.0,1.066002
3900.0,0.91054
2100.0,0.965799
2600.0,1.014812
1700.0,1.05531
2100.0,0.943646
3300.0,0.954601
2700.0,1.013281
4400.0,0.961661
2600.0,0.918545
2200.0,1.046515
3200.0,1.015376
600.0,1.075112
1800.0,1.0112
3600.0,1.042418
1800.0,0.999679
4400.0,0.971323
4900.0,0.957945
4400.0,0.886783
300.0,1.146112
3200.0,0.998037
2800.0,1.023311
1100.0,1.080385
1200.0,1.093407
3100.0,0.913852
1000.0,1.035916
200.0,1.272013
500.0,1.094957
1300.0,1.047896
3000.0,0.976412
1400.0,1.065657
1400.0,1.040374
4000.0,1.024903
3900.0,0.880907
1200.0,1.052999
3200.0,1.036675
3700.0,1.024167
3800.0,0.896816
4500.0,0.982251
4900.0,0.908274
100.0,0.90585
4700.0,0.89538
2400.0,1.043298
2300.0,1.001304
1800.0,1.053422
4500.0,0.872654
3600.0,0.995132
3800.0,0.959227
1300.0,1.062135
1600.0,1.054035
3200.0,0.862411
4200.0,0.996129
4700.0,0.974435
2200.0,1.041698
1800.0,0.962508
2500.0,0.922559
800.0,0.947063
1600.0,0.920791
1000.0,0.914751
4100.0,0.876642
4800.0,0.939154
2000.0,1.026449
4600.0,0.862665
4500.0,0.898898
3600.0,1.009642
4600.0,0.877153
4100.0,0.978918
2400.0,0.939139
4100.0,0.901666
4100.0,0.868394
3100.0,0.893015
2000.0,0.982167
300.0,0.86451
1600.0,0.972623
300.0,1.050288
2300.0,1.040061
3500.0,1.05622
2100.0,0.967641
1800.0,1.045754
3100.0,0.86238
1500.0,1.070763
2000.0,0.955416
3300.0,0.880857
100.0,1.153965
3900.0,0.874166
1300.0,0.949389
3500.0,0.914864
1500.0,0.926948
4500.0,0.902193
4000.0,0.928642
1000.0,1.05684
1000.0,1.059081
4700.0,0.874186
2500.0,0.91674
2000.0,0.911361
3200.0,0.892479
2800.0,0.943807
1300.0,1.068382
3700.0,0.994547
4700.0,0.955563
300.0,1.103526
2400.0,0.991478
1900.0,0.970359
600.0,1.045795
3500.0,0.994871
2600.0,0.935085
2600.0,0.917304
1200.0,1.045538
3000.0,0.90639
1200.0,0.970896
3600.0,0.919901
2000.0,1.050169
2300.0,1.053151
2700.0,1.037843
1600.0,0.93021
1900.0,1.048314
3900.0,0.971046
400.0,0.862622
3300.0,0.980396
3500.0,0.936674
4500.0,0.997196
4700.0,0.86788
2900.0,0.897223
4800.0,0.861082
1400.0,0.938593
600.0,0.890437
4800.0,0.873228
3000.0,0.967751
2600.0,1.022788
100.0,1.090666
700.0,1.060189
200.0,1.063076
1500.0,0.990727
3600.0,0.96938
4700.0,0.995574
2600.0,1.022241
600.0,1.148326
1400.0,1.042082
300.0,0.856572
1200.0,1.009595
400.0,0.862355
900.0,1.0325
1300.0,1.041905
2400.0,0.909575
1400.0,1.053103
2800.0,0.985875
700.0,1.058317
4400.0,1.027629
3400.0,0.872563
300.0,1.079447
200.0,1.046854
3900.0,0.866345
600.0,0.902664
800.0,1.002661
3800.0,0.978726
2100.0,0.979474
1900.0,1.035474
1500.0,1.049357
3700.0,1.008867
1300.0,1.145151
1000.0,1.063455
300.0,1.082386
900.0,1.111806
900.0,0.972628
400.0,1.027983
700.0,0.92839
4900.0,0.953888
2900.0,0.929672
2500.0,0.899668
2500.0,0.97479
100.0,0.857554
600.0,1.022155
2200.0,0.907597
4300.0,0.96461
4400.0,0.9983
1000.0,1.056189
4000.0,0.921321
1400.0,1.024816
100.0,1.008023
1000.0,1.021613
700.0,1.061546
2000.0,1.013014
4900.0,0.933922
3800.0,1.017845
3300.0,1.014947
1100.0,1.054008
3300.0,0.942615
3600.0,1.011961
2100.0,1.042569
500.0,0.871313
3400.0,0.877305
2000.0,1.017785
1400.0,1.039384
3800.0,0.923692
3000.0,0.891276
1600.0,1.052147
1100.0,1.216627
3000.0,1.099487
900.0,0.928908
300.0,1.055967
3600.0,0.971776
3800.0,1.022828
3600.0,0.974209
900.0,1.054981
4200.0,0.966098
2100.0,1.050815
3700.0,1.046969
600.0,1.023375
2200.0,1.016049
3700.0,1.007847
4000.0,1.020292
900.0,0.895998
1000.0,0.881932
1800.0,0.893272
4800.0,0.86734
3100.0,0.889345
4900.0,0.976182
1900.0,0.965084
900.0,1.011054
4100.0,0.888356
1100.0,0.89637
1300.0,0.982676
3700.0,0.86613
3200.0,0.891795
3400.0,0.931493
500.0,1.062193
2100.0,1.044252
4400.0,0.989407
2800.0,1.01462
1000.0,1.018345
2000.0,1.055404
700.0,1.068039
1300.0,0.994322
2600.0,0.98064
1900.0,0.939761
3500.0,0.881873
200.0,0.922472
800.0,0.918091
4900.0,0.879834
3800.0,1.018151
500.0,1.059075
400.0,1.072002
2300.0,1.04124
800.0,1.01402
1900.0,1.048827
4000.0,0.878542
2500.0,1.00198
2700.0,1.057338
2000.0,1.006499
1100.0,1.055307
3500.0,0.999106
1400.0,1.057275
1000.0,1.015805
300.0,0.869441
3100.0,0.992552
2800.0,1.049919
900.0,1.073127
3000.0,0.869451
2200.0,0.964217
500.0,0.939725
3500.0,0.923235
1600.0,1.048431
1600.0,0.861193
3100.0,0.877633
3800.0,0.920751
2100.0,0.909298
2900.0,0.957797
3100.0,1.043548
800.0,1.031126
4600.0,0.940372
2500.0,1.040099
2000.0,1.031659
4300.0,0.945538
1800.0,1.048571
3000.0,0.98175
3300.0,1.00314
3200.0,1.032303
3300.0,0.926798
800.0,1.018096
500.0,1.094371
2400.0,1.018973
4500.0,0.921319
100.0,1.330597
300.0,1.153492
1600.0,1.047173
3000.0,0.940576
3700.0,0.991654
100.0,0.996243
2700.0,1.049717
2300.0,1.04982
4700.0,0.978646
3100.0,0.953914
1400.0,1.045218
2700.0,0.983572
1100.0,1.019265
3200.0,0.95723
300.0,1.112606
2500.0,1.049366
4300.0,0.983211
400.0,1.051218
4100.0,0.982251
1600.0,1.063147
300.0,1.055423
2700.0,0.896727
600.0,0.970979
1600.0,1.025397
4800.0,0.932478
4000.0,0.88578
1300.0,0.940521
1000.0,0.855849
800.0,0.9462
4900.0,0.998331
1800.0,0.969067
500.0,1.073715
1600.0,1.036998
1500.0,0.905
4200.0,0.906483
2800.0,0.99789
4100.0,0.926885
300.0,1.097778
100.0,1.07033
4400.0,1.013519
300.0,1.060477
2600.0,0.984034
700.0,0.929336
700.0,1.027407
800.0,0.988899
2800.0,0.866178
1200.0,1.045461
2800.0,0.906439
4600.0,0.943364
4800.0,0.87496
4800.0,0.979929
800.0,1.028706
1600.0,1.055735
4500.0,0.881998
4700.0,0.881351
500.0,0.90635
2400.0,0.874998
1000.0,0.871043
500.0,0.914513
2200.0,0.864004
1200.0,0.963199
2100.0,0.989941
2600.0,0.930093
4400.0,0.988304
2200.0,1.051578
300.0,1.114259
2600.0,1.025397
4300.0,0.911979
2500.0,0.889696
3500.0,0.956752
2700.0,0.879611
1700.0,0.901759
1200.0,1.050914
2000.0,1.038077
4000.0,0.996812
1400.0,1.057285
4000.0,0.973706
2600.0,0.939709
400.0,1.14576
300.0,1.052022
3400.0,0.934299
2700.0,1.046774
4200.0,0.972395
1300.0,1.058379
800.0,1.05096
1300.0,1.019458
1300.0,1.0531
3500.0,0.9562
2000.0,1.028463
1800.0,1.033113
2600.0,1.002577
4300.0,0.937734
1600.0,1.059058
700.0,1.082422
2800.0,0.924961
4500.0,0.960541
2700.0,1.033326
3300.0,0.993348
3400.0,0.920602
2300.0,0.998312
1800.0,1.063436
4200.0,0.926154
4500.0,0.869966
1600.0,0.951063
1100.0,1.005066
1200.0,0.948128
2300.0,0.887416
4000.0,1.000813
4500.0,0.975709
4800.0,0.928954
1800.0,1.050257
4600.0,0.885629
3700.0,0.978679
2900.0,1.017059
100.0,1.299598
3400.0,0.875791
1400.0,0.980276
1500.0,1.033361
100.0,1.107157
1000.0,0.980933
2800.0,0.882485
3500.0,0.892673
4000.0,0.889251
1200.0,1.013848
100.0,1.305736
500.0,0.925945
4500.0,0.927358
400.0,1.046274
1700.0,0.994588
400.0,0.87615
4800.0,0.895608
3700.0,0.871552
2800.0,0.962472
4800.0,1.013007
100.0,1.063077
3000.0,1.028765
1000.0,1.045786
2400.0,0.936595
1800.0,0.951914
2600.0,0.999695
1900.0,0.968298
1200.0,0.981385
3300.0,0.85818
1000.0,0.979032
1700.0,0.949638
900.0,0.865719
2400.0,0.880592
2500.0,0.909055
200.0,0.871653
3100.0,0.889033
600.0,1.002097
1800.0,0.950285
3700.0,0.863399
2000.0,1.05611
1400.0,1.093966
300.0,1.053702
2000.0,1.06261
200.0,1.062292
3400.0,0.873983
3600.0,0.905296
3900.0,0.856714
1500.0,1.068337
200.0,0.956009
3500.0,0.874647
3200.0,1.016831
1800.0,0.920836
1600.0,0.891989
200.0,0.848988
2400.0,1.020071
500.0,0.987146
4900.0,1.013823
4100.0,0.941024
4600.0,0.963065
1100.0,1.085788
2300.0,0.995036
400.0,0.850326
1400.0,1.046281
4200.0,0.977348
800.0,1.051534
3500.0,0.996748
3800.0,0.941297
1300.0,1.040359
4500.0,0.962061
600.0,1.07139
1500.0,1.041933
2000.0,1.030234
4200.0,0.957515
3800.0,0.970156
1200.0,1.051433
1700.0,1.047842
2900.0,0.946911
500.0,1.060822
700.0,1.074831
4300.0,0.942955
4700.0,0.859583
800.0,1.0305
3100.0,0.913899
1800.0,1.050478
1700.0,1.099787
2200.0,0.938989
1300.0,0.867861
3600.0,0.896476
2900.0,0.930287
2900.0,1.051539
4300.0,0.995517
4500.0,0.916413
100.0,1.085954
900.0,1.062849
600.0,1.148086
200.0,1.070795
400.0,1.050606
4600.0,0.960352
400.0,1.184969
4600.0,0.95354
2000.0,1.053601
200.0,1.184551
400.0,1.048388
2500.0,0.908185
1600.0,0.987529
1900.0,0.878764
300.0,0.955457
2200.0,0.883274
3500.0,0.94018
3600.0,0.984238
4700.0,0.972658
4500.0,0.912547
3100.0,0.930969
3600.0,0.909859
1000.0,0.985872
1900.0,0.869392
4300.0,0.908302
900.0,0.989859
3400.0,0.993907
1900.0,1.059232
4800.0,0.893458
2500.0,0.88552
2000.0,0.96689
700.0,0.989647
4600.0,0.891983
1100.0,1.032736
700.0,1.041352
700.0,0.975293
200.0,1.184951
4100.0,0.957993
1000.0,1.053283
2800.0,0.930469
3200.0,0.862343
3700.0,0.992207
400.0,1.046966
3900.0,0.917202
1600.0,1.064242
2100.0,0.978182
1200.0,1.034233
3000.0,0.986438
1600.0,1.072718
1800.0,0.895923
600.0,1.164901
800.0,1.049307
1000.0,1.076602
4200.0,0.897979
4300.0,0.969313
300.0,1.095663
200.0,1.268154
200.0,1.061861
2200.0,0.99376
4300.0,0.95688
2200.0,1.056139
900.0,1.028487
4700.0,0.941645
4200.0,0.904336
1300.0,1.053191
4300.0,0.946584
3500.0,0.956307
3800.0,1.001447
1700.0,0.903292
600.0,0.871221
100.0,0.870139
4100.0,0.930461
3900.0,0.879928
1200.0,1.044732
2500.0,0.885215
2100.0,1.065815
3400.0,0.998728
1600.0,1.05339
3900.0,0.9496
4800.0,0.998333
4600.0,0.956417
4100.0,0.926393
2700.0,0.890879
1300.0,1.02914
3600.0,0.954025
2800.0,0.931155
1200.0,1.07361
2700.0,1.002339
300.0,0.946479
2300.0,1.059271
3500.0,1.035847
300.0,1.070122
2500.0,0.887226
600.0,0.984176
4200.0,0.964177
900.0,1.052199
3100.0,0.911666
300.0,0.858348
1100.0,0.914767
3000.0,0.889257
2000.0,1.001914
1700.0,1.045915
2400.0,0.894386
1200.0,1.031094
100.0,1.110319
200.0,1.336272
4700.0,0.989057
1500.0,1.069058
800.0,0.954991
500.0,0.872032
3200.0,0.977854
1500.0,0.995414
2700.0,0.885705
800.0,0.919644
600.0,0.883585
500.0,0.975128
2400.0,0.91551
3800.0,0.871984
1200.0,1.021399
4000.0,0.859334
600.0,0.952614
1400.0,1.003221
3600.0,1.045258
3300.0,0.976665
1600.0,1.055519
3300.0,0.921834
1700.0,1.061377
1800.0,1.004298
500.0,1.048482
700.0,1.108695
2700.0,0.959724
3900.0,1.007439
1100.0,1.021318
2100.0,1.051815
100.0,1.307348
3200.0,1.028143
1300.0,0.968145
700.0,1.061121
2700.0,0.928182
2000.0,0.95452
4000.0,0.880956
2900.0,0.961934
400.0,1.048419
2400.0,1.049618
1300.0,1.001831
3300.0,1.026888
700.0,1.100798
2400.0,1.015513
3700.0,0.976552
2300.0,1.090134
4800.0,0.989344
900.0,1.043487
3700.0,0.940002
4400.0,0.972922
3300.0,0.929906
4600.0,0.997749
2600.0,0.986606
4000.0,0.922559
2400.0,0.917273
700.0,0.993066
4900.0,0.991492
100.0,1.277589
2800.0,0.864681
2400.0,0.926663
4600.0,0.925639
4800.0,0.946672
800.0,1.090433
1000.0,1.056814
1800.0,1.050237
1400.0,0.878077
3200.0,0.956816
2600.0,1.003036
4500.0,0.991924
3800.0,0.976499
1200.0,0.906079
2000.0,1.003176
3400.0,1.010122
4100.0,1.000119
4500.0,0.900888
4300.0,0.965238
2900.0,1.049463
1800.0,0.917222
2400.0,1.005486
3000.0,0.906497
3200.0,1.018644
4000.0,1.000258
2800.0,0.880742
4900.0,0.852054
900.0,0.939249
2100.0,0.908062
1600.0,1.013528
3900.0,1.013434
4600.0,0.982783
3400.0,0.987919
4400.0,0.968159
3800.0,1.0142
1500.0,0.973016
500.0,1.0593
3900.0,0.948436
3100.0,0.947084
4200.0,0.931417
4500.0,0.912741
4800.0,0.904694
1700.0,1.011424
2900.0,1.034481
4000.0,0.96479
4900.0,0.953786
4000.0,0.900673
1000.0,1.029341
4500.0,0.909985
100.0,1.065556
2100.0,0.953878
2900.0,1.045446
4600.0,0.864079
3700.0,0.890481
900.0,0.904021
2500.0,0.881725
3400.0,0.99569
2300.0,1.034927
4100.0,0.921649
1500.0,1.063201
4600.0,0.973417
3800.0,0.941476
900.0,1.047891
1200.0,1.05428
300.0,1.056893
1200.0,0.968347
3800.0,0.950207
2900.0,1.032655
1100.0,1.061724
900.0,1.057695
1300.0,1.050157
2800.0,1.033628
4800.0,0.864147
100.0,0.995685
900.0,1.021606
1300.0,1.068301
3800.0,1.014313
1700.0,1.070428
3800.0,0.90291
2400.0,0.982328
3500.0,1.01691
2700.0,1.098394
2200.0,0.93863
3700.0,0.865548
1100.0,1.006492
2000.0,0.903688
1100.0,1.055583
100.0,1.106723
2300.0,0.891167
3300.0,0.89249
4200.0,0.899565
4100.0,0.936034
1000.0,1.045346
3300.0,0.932589
4300.0,0.953139
3200.0,0.859955
3500.0,0.977105
4300.0,0.924384
700.0,1.021413
2300.0,1.040864
200.0,1.061938
100.0,0.853338
200.0,0.921673
100.0,0.866481
2500.0,0.991538
2900.0,1.085228
600.0,0.968679
3000.0,1.005422
1200.0,1.029318
700.0,1.059803
3000.0,0.887312
3000.0,0.90317
1300.0,1.028353
3800.0,0.872669
2700.0,0.938618
3900.0,0.954899
800.0,1.034066
900.0,1.086658
2100.0,1.0209
4500.0,1.023541
700.0,1.061421
1200.0,1.053791
3300.0,0.895432
300.0,1.067918
400.0,1.119481
2900.0,0.976806
1700.0,1.050022
3500.0,1.006201
4000.0,0.868227
1700.0,1.040172
2500.0,0.869378
200.0,1.293971
1300.0,0.86299
300.0,0.990174
3400.0,0.960458
3600.0,0.926069
4700.0,0.987942
2900.0,1.004894
2800.0,0.982145
2800.0,1.015882
3600.0,0.874579
1000.0,0.918576
4500.0,1.013572
3100.0,0.967701
2200.0,0.971042
3000.0,1.018956
2800.0,0.998471
2800.0,1.012942
1300.0,0.893355
600.0,0.942191
300.0,1.146615
2200.0,0.900992
1000.0,0.947385
900.0,0.966516
2300.0,0.881678
2100.0,1.055984
4700.0,0.954471
3900.0,0.973897
1500.0,1.050587
3000.0,0.937871
3700.0,0.885612
4700.0,0.964048
2900.0,1.073451
3100.0,0.976976
1000.0,1.062233
4300.0,0.951964
1600.0,0.902869
1900.0,1.052336
1500.0,0.969463
1900.0,1.059939
3300.0,0.938151
4800.0,0.975803
1500.0,1.111232
3200.0,0.927038
2700.0,0.928029
3700.0,0.989678
2600.0,0.984755
500.0,1.090748
4600.0,0.896746
1700.0,0.889582
1700.0,0.953494
1500.0,1.036843
1700.0,1.066158
700.0,0.951787
2800.0,1.041818
4700.0,1.017681
2500.0,1.032986
2100.0,0.921317
2200.0,0.883574
1800.0,1.060479
2500.0,1.033832
3800.0,0.93509
2600.0,0.936622
4500.0,0.892819
1600.0,1.033634
4500.0,0.927179
1000.0,0.946318
3000.0,0.862591
3800.0,0.998303
4000.0,0.880712
1100.0,0.925729
1900.0,0.928279
300.0,0.964068
600.0,1.039661
1000.0,1.000339
2800.0,1.02321
1100.0,0.97385
2900.0,1.003662
800.0,0.919321
4900.0,1.059189
2200.0,0.980604
2800.0,1.007373
3500.0,1.025119
200.0,1.003461
3300.0,0.981947
2100.0,1.036853
1100.0,1.065575
600.0,1.080421
3600.0,1.032952
100.0,1.094447
500.0,1.079376
3500.0,0.954564
300.0,1.065694
4800.0,0.894507
3200.0,0.926792
1700.0,1.071072
1500.0,0.977159
400.0,0.878585
4100.0,0.879174
4000.0,0.925837
1900.0,0.988192
2400.0,1.026745
3300.0,1.022929
2400.0,0.88248
1400.0,1.016972
2900.0,1.008386
2300.0,0.91044
4400.0,0.859834
2200.0,0.947651
1100.0,1.017953
400.0,1.049986
1400.0,0.997438
4000.0,1.004912
400.0,1.04585
700.0,0.920339
2200.0,0.899734
4700.0,0.883694
800.0,0.972366
4200.0,0.859126
2300.0,1.026227
800.0,1.007502
3800.0,0.970581
4600.0,1.000652
2500.0,0.981928
600.0,0.969728
100.0,1.37009
1000.0,1.084035
1700.0,1.058996
4300.0,0.857282
1100.0,0.959038
3800.0,0.860168
2700.0,0.994839
400.0,0.917917
4500.0,1.010846
2600.0,1.035176
4300.0,0.89476
4700.0,0.980081
2900.0,0.90975
3000.0,0.924982
1500.0,1.060144
700.0,1.012606
4300.0,1.024342
2500.0,1.049968
4900.0,1.001737
3200.0,0.93845
3800.0,0.977193
2900.0,0.889063
1600.0,0.938744
200.0,1.087017
4000.0,0.897821
3100.0,1.038828
3000.0,1.016243
4800.0,0.971726
3600.0,0.937327
1400.0,1.051945
4900.0,0.883651
4200.0,1.023958
2000.0,0.97389
4900.0,0.931255
3400.0,0.934423
300.0,1.077454
200.0,1.019668
3600.0,0.85695
1800.0,1.012457
2800.0,1.050556
3400.0,1.047819
200.0,1.068396
3400.0,0.873516
4000.0,0.918032
4500.0,0.920349
3900.0,0.96152
1800.0,0.873608
1600.0,0.94236
2200.0,0.960761
4900.0,1.019072
700.0,1.073537
2000.0,1.04974
3000.0,0.858451
4400.0,0.966364
100.0,1.072872
3600.0,0.948598
2800.0,0.929303
1900.0,0.913661
4900.0,0.926498
800.0,1.045233
1500.0,1.058221
2700.0,0.99792
600.0,1.08314
4300.0,0.978891
1300.0,0.975708
1600.0,1.041506
400.0,0.949483
4600.0,0.98096
1300.0,0.987861
1400.0,1.06419
100.0,1.090046
3600.0,1.022542
1400.0,1.041834
3000.0,0.867348
3000.0,0.950867
4300.0,0.869132
3000.0,0.891914
2700.0,0.941083
2900.0,1.040036
3400.0,1.000393
100.0,1.286269
3900.0,0.987693
3200.0,0.913919
300.0,1.060327
1300.0,1.059061
800.0,1.055142
1600.0,1.084524
2100.0,1.045654
1400.0,1.029931
4400.0,0.942713
1000.0,1.04738
1100.0,0.876715
2500.0,0.891337
900.0,0.99324
4800.0,0.877665
4500.0,1.009242
4300.0,0.866774
4200.0,0.967189
4200.0,0.900149
4700.0,1.021624
2600.0,1.004065
1500.0,0.887181
1600.0,0.888066
4500.0,0.876842
4400.0,0.86839
3100.0,0.923928
2600.0,0.893422
700.0,0.931385
2100.0,0.889885
2800.0,0.995208
3100.0,0.993723
800.0,1.088329
1000.0,1.047332
4000.0,0.943009
1400.0,1.052088
2100.0,0.971073
4600.0,0.963759
3100.0,0.947541
2300.0,1.036842
3800.0,1.050976
4200.0,0.938953
4000.0,0.978264
3200.0,1.005947
500.0,1.094793
2200.0,1.015242
4700.0,0.993596
3300.0,0.976704
2800.0,1.012467
1700.0,1.061349
2000.0,1.055767
3300.0,1.037413
1800.0,1.042248
3800.0,0.971668
4500.0,0.872213
100.0,1.073678
4000.0,0.866904
2100.0,1.004206
2000.0,1.043553
1700.0,0.920911
3300.0,0.889867
3100.0,0.942507
100.0,1.331651
700.0,0.855428
900.0,0.894817
500.0,0.876485
3800.0,0.857249
4100.0,0.897321
2400.0,0.887191
1100.0,0.968311
1200.0,0.854792
300.0,0.866102
1300.0,0.876952
700.0,1.007924
4300.0,0.982341
4500.0,0.958276
2500.0,1.040244
3600.0,0.866502
2000.0,1.030231
4300.0,1.023077
2200.0,1.041962
2100.0,1.064066
2600.0,0.955524
3200.0,0.871163
1700.0,1.047585
4100.0,0.9952
1000.0,1.017584
1300.0,1.076887
3900.0,0.924225
4600.0,0.910685
1300.0,1.010799
2100.0,0.916409
500.0,0.901515
3100.0,0.97387
100.0,1.101763
3500.0,0.969855
2000.0,1.02756
4200.0,0.962696
2000.0,1.050785
3900.0,0.97753
1700.0,1.055845
2100.0,0.984955
2600.0,1.035287
1800.0,1.022739
800.0,1.009356
700.0,1.10784
2100.0,1.061978
2300.0,0.880862
4700.0,0.959501
300.0,1.05426
2000.0,1.049099
1800.0,1.004055
4800.0,0.993629
4000.0,0.94305
2300.0,1.083373
1300.0,1.089945
1700.0,0.972029
2200.0,0.904829
200.0,0.905374
200.0,0.869193
3000.0,0.916375
3000.0,0.956731
3700.0,0.941301
300.0,1.158607
1600.0,1.039284
4000.0,0.952474
2700.0,1.038549
4300.0,1.04589
3500.0,0.88268
1000.0,0.952917
1800.0,0.886014
300.0,1.023441
1100.0,1.004266
2300.0,1.045429
4100.0,0.863647
4200.0,1.014347
2500.0,0.996281
2200.0,1.048739
2900.0,0.974948
3600.0,1.042216
2700.0,0.89702
4200.0,0.908563
1500.0,0.940765
1900.0,0.872578
1700.0,1.034113
3200.0,0.971458
800.0,1.067929
2200.0,1.014179
4400.0,0.861054
3700.0,1.010979
1600.0,1.074303
4500.0,0.89145
4700.0,0.868333
2900.0,0.936022
3800.0,1.027982
4400.0,1.030699
1000.0,0.951473
1900.0,0.902919
4100.0,0.887153
3500.0,0.888515
4000.0,0.995217
4300.0,1.013854
3700.0,1.031137
1500.0,1.079201
900.0,1.049066
4900.0,0.877361
3900.0,0.885866
2700.0,0.872831
3400.0,0.870116
3700.0,0.940933
600.0,0.955752
4800.0,0.907611
4200.0,0.872503
1500.0,0.878795
1700.0,0.891762
4800.0,0.899449
3900.0,0.898609
4900.0,0.95296
3700.0,0.971363
3500.0,1.009924
4100.0,0.995249
3400.0,0.967414
1700.0,1.045713
4300.0,0.998483
2400.0,1.046328
3600.0,0.908039
3900.0,0.881257
900.0,0.978675
3100.0,0.892038
3600.0,0.931481
200.0,0.892457
400.0,0.95653
100.0,1.042741
4100.0,0.857728
1900.0,1.054916
3700.0,0.952765
1800.0,0.964795
3900.0,0.868646
3700.0,0.890576
3800.0,0.906788
4700.0,0.876128
4800.0,0.943575
500.0,0.985528
600.0,0.953024
4400.0,0.901314
600.0,0.950073
400.0,1.049681
4000.0,0.867803
1100.0,1.02804
2800.0,1.036842
1200.0,1.02585
400.0,0.931314
3200.0,1.044518
900.0,1.020378
2700.0,1.027744
2200.0,1.085949
2500.0,0.968978
3200.0,1.057652
4300.0,0.886299
3500.0,0.871087
4400.0,0.895923
1100.0,1.047281
1000.0,1.054405
1900.0,0.878187
2700.0,0.898863
800.0,1.021757
800.0,1.206722
2000.0,1.006022
800.0,1.057832
800.0,1.070385
700.0,1.08961
1800.0,1.023199
3800.0,0.994954
1200.0,0.928931
4000.0,0.868167
1600.0,1.024787
300.0,0.870904
3300.0,0.914223
4000.0,0.878029
1500.0,1.034067
4300.0,0.892628
4000.0,0.963459
1500.0,1.054206
2700.0,0.925642
1200.0,1.046663
1400.0,1.039782
2300.0,1.038499
3000.0,0.905396
4900.0,0.90152
4800.0,0.936081
3200.0,0.943098
300.0,1.059994
3100.0,0.995858
1300.0,1.083097
4500.0,0.94533
4300.0,0.885788
3500.0,0.907522
2500.0,1.045148
4700.0,1.022432
3000.0,1.011077
2000.0,0.961361
3800.0,0.884039
3900.0,0.890472
3100.0,0.948194
1200.0,1.027596
3200.0,1.055347
2100.0,1.036639
4900.0,0.857251
3500.0,0.86459
1900.0,1.055353
1000.0,0.910625
4900.0,0.895756
2700.0,0.909702
1900.0,1.051661
1200.0,1.101091
4300.0,1.007468
500.0,1.049516
1700.0,1.043604
4000.0,0.962451
2700.0,0.985587
4600.0,0.98812
1000.0,1.05818
3900.0,0.957299
200.0,1.059709
4500.0,1.007699
3900.0,0.99537
1200.0,0.991032
800.0,0.939092
2700.0,1.037726
900.0,0.944843
3400.0,0.869826
4800.0,0.908814
3800.0,1.00588
2200.0,1.049495
3200.0,0.916974
2500.0,0.870182
3600.0,0.934659
1500.0,0.876563
2500.0,0.914929
4300.0,0.920833
500.0,0.889933
400.0,1.008854
2500.0,0.87614
1800.0,0.878163
3200.0,0.981167
1900.0,1.050783
1200.0,1.054484
3300.0,0.891203
3500.0,0.892763
900.0,1.00657
1600.0,0.959746
2400.0,0.882306
1800.0,0.980132
2300.0,0.927638
3800.0,0.959897
200.0,1.056695
3000.0,1.008991
2100.0,1.07827
2000.0,0.970458
1800.0,1.076977
4600.0,0.874827
4200.0,0.861669
1400.0,0.968475
4000.0,0.871116
4500.0,0.881358
3900.0,0.954983
600.0,1.045822
1500.0,1.036969
3300.0,0.904954
200.0,0.879018
2100.0,0.900721
2800.0,1.022477
300.0,1.012524
100.0,0.872309
4300.0,0.893457
1500.0,0.932292
3700.0,0.868728
2700.0,0.947677
2800.0,0.919081
3800.0,0.958012
4100.0,0.963435
1500.0,1.048632
2400.0,1.046015
2600.0,1.035668
2500.0,0.938963
3400.0,0.898661
2000.0,1.013235
2300.0,1.038779
700.0,1.063671
3000.0,1.031044
2900.0,1.018414
400.0,0.85475
1300.0,1.055536
100.0,1.084094
1600.0,1.053028
1800.0,1.027229
2700.0,1.011372
3700.0,0.884377
1500.0,1.01818
1000.0,1.019053
4400.0,0.896747
2700.0,0.906322
1200.0,0.888626
1300.0,0.92528
4300.0,1.013598
1700.0,1.057111
4900.0,0.87075
900.0,0.921516
2000.0,0.888934
1200.0,0.98022
3200.0,0.87381
300.0,0.873352
300.0,1.049261
3500.0,0.873728
3700.0,0.860588
2100.0,1.035439
400.0,1.047903
700.0,1.056131
100.0,0.872681
3300.0,1.018038
3100.0,1.005286
1900.0,1.028864
2000.0,1.054009
2300.0,0.94215
3600.0,1.012765
4000.0,0.968312
2800.0,1.011647
3200.0,0.978942
3000.0,0.997261
3400.0,0.932527
2300.0,0.924305
2300.0,0.886389
700.0,0.979088
4700.0,0.867884
600.0,0.931731
3400.0,0.875416
3400.0,0.930591
3500.0,0.874197
800.0,1.071947
1700.0,0.989678
900.0,1.055478
3200.0,0.949543
1300.0,1.041119
3400.0,1.029242
3700.0,0.985635
1100.0,0.972601
2300.0,1.036344
500.0,1.043009
900.0,1.079437
4200.0,0.988358
200.0,1.125105
3000.0,1.009279
2500.0,1.029611
3800.0,0.930811
4400.0,1.013573
2800.0,0.945377
700.0,0.990695
2100.0,1.041257
1400.0,1.000313
800.0,1.011447
4400.0,0.972779
2200.0,1.001648
4900.0,0.954016
3600.0,0.89657
4600.0,0.875704
3500.0,0.894708
3400.0,0.866168
3600.0,0.991443
4400.0,0.976106
1000.0,1.017854
600.0,1.076687
2500.0,1.039677
800.0,0.997418
1200.0,1.054777
1600.0,1.091378
2000.0,0.911277
900.0,0.937201
1600.0,0.888647
3300.0,0.896438
3100.0,0.899554
3800.0,0.906703
1700.0,1.026095
1800.0,1.083181
4500.0,0.936396
4900.0,0.972698
2900.0,0.965533
3800.0,1.009038
100.0,1.058303
2600.0,0.967019
4200.0,0.962341
2800.0,1.015948
3600.0,0.988565
500.0,0.916261
4300.0,0.995955
300.0,1.055695
300.0,1.054668
1400.0,1.07119
3600.0,0.942622
3600.0,0.913806
300.0,0.880957
3900.0,0.988202
2400.0,0.94624
400.0,1.055909
4000.0,0.970925
2800.0,1.007197
2400.0,0.931472
4400.0,0.887937
4900.0,0.867819
1300.0,1.016442
3400.0,0.995151
3300.0,0.989813
2400.0,1.043384
3000.0,1.013572
4400.0,0.896418
2400.0,1.000241
2600.0,0.87838
400.0,0.929953
3400.0,0.933958
3700.0,1.019759
1600.0,1.155192
900.0,1.255462
700.0,1.043687
3400.0,0.996368
3900.0,0.871835
4600.0,0.936936
1300.0,1.075147
100.0,1.064689
3100.0,1.025871
3100.0,1.06725
2400.0,1.020024
3200.0,1.007938
4100.0,1.014992
3100.0,1.034008
1200.0,0.900636
3200.0,1.037978
4600.0,0.951201
4400.0,0.979825
3200.0,0.876207
2700.0,0.915529
2300.0,1.006814
1300.0,1.014276
3900.0,0.90212
4400.0,0.887935
3900.0,0.932921
2400.0,1.050287
3600.0,1.02895
3100.0,0.990017
3700.0,1.011058
1400.0,0.894493
2300.0,0.873807
4400.0,0.884595
3900.0,0.931607
3600.0,0.952012
2700.0,0.975998
2200.0,1.049353
600.0,1.07122
3400.0,0.990564
3500.0,0.898878
1800.0,1.037762
700.0,0.972315
1700.0,1.05548
1500.0,0.894388
2300.0,0.931153
600.0,0.920238
3500.0,0.878373
2400.0,0.958458
4400.0,0.90955
2400.0,0.955766
400.0,0.876838
3300.0,0.864752
1600.0,0.920731
500.0,0.956489
4600.0,0.878994
2700.0,0.882779
1800.0,1.040383
1900.0,0.886485
800.0,0.976912
4200.0,0.973543
3100.0,1.04248
4800.0,0.920557
3400.0,0.982076
1700.0,1.045214
4100.0,0.920506
4300.0,1.003434
1800.0,1.079877
2500.0,0.93375
2900.0,0.980461
4100.0,0.930891
4200.0,0.857823
1000.0,1.048338
4500.0,0.877773
900.0,0.900401
4200.0,0.927159
3300.0,0.887223
700.0,0.952053
200.0,1.062046
800.0,0.923919
4700.0,0.910951
4400.0,0.936396
1400.0,1.0681
1500.0,0.911601
1600.0,1.03646
2800.0,1.033275
1500.0,1.086184
3100.0,1.017047
2600.0,0.962799
2600.0,1.021559
2100.0,1.059087
2400.0,1.018967
2900.0,1.01291
4600.0,0.860602
800.0,0.919237
3400.0,0.861361
4900.0,0.97858
1900.0,0.881865
4100.0,0.869466
3000.0,0.985876
4300.0,0.867599
500.0,0.897678
300.0,1.05258
4800.0,0.873401
3500.0,1.058698
4800.0,0.916946
1700.0,0.933131
4100.0,0.956424
3400.0,0.953765
1000.0,1.050325
500.0,1.10652
500.0,1.08227
4100.0,0.895354
2600.0,0.959783
1300.0,1.100324
2900.0,0.998829
3500.0,0.879489
1600.0,1.014301
1400.0,1.040598
3600.0,0.896162
1500.0,0.883175
3600.0,0.868031
4900.0,0.878925
2100.0,0.889588
2200.0,0.997077
2000.0,1.044057
2700.0,0.938763
200.0,1.052897
3400.0,0.863002
3600.0,0.912604
3600.0,0.9435
300.0,0.872645
2900.0,0.899043
900.0,0.936123
3100.0,0.865897
4200.0,0.930239
4900.0,0.895969
2100.0,1.036692
3800.0,1.01189
1800.0,1.04599
1800.0,1.023494
1500.0,0.875807
2600.0,0.915654
1500.0,1.053558
3100.0,0.863978
3100.0,0.931503
3200.0,0.984169
4200.0,0.95103
100.0,1.36668
4700.0,0.87386
300.0,0.873176
4400.0,0.870126
3800.0,0.892741
700.0,1.010761
2400.0,1.015673
2800.0,1.059789
2900.0,0.916894
900.0,0.872961
1600.0,0.967524
4000.0,0.87715
2600.0,0.950304
1200.0,1.028963
4100.0,0.935772
4600.0,0.866057
800.0,1.031268
1700.0,1.079245
1000.0,0.953268
3600.0,0.996582
4800.0,0.920906
4600.0,0.871994
3700.0,0.90959
900.0,1.019113
2700.0,0.973944
4900.0,0.968739
1000.0,1.051905
4300.0,0.902539
2900.0,0.872109
3900.0,0.878066
1300.0,1.049307
1300.0,0.856586
3000.0,0.865409
2300.0,0.959615
1900.0,0.874563
300.0,0.868598
100.0,0.976094
4000.0,1.006493
700.0,1.006379
300.0,1.055906
1800.0,1.064041
1900.0,0.942214
200.0,1.066197
1700.0,0.868676
2100.0,0.991115
2800.0,0.988643
1200.0,1.059629
2900.0,0.958353
3200.0,1.002723
1000.0,1.039552
4900.0,0.98952
4800.0,0.98739
4800.0,0.997113
4600.0,0.899049
500.0,0.963736
600.0,1.064668
500.0,1.047573
3900.0,0.858503
700.0,0.918725
4500.0,0.972867
3200.0,1.020865
1900.0,1.041741
3900.0,1.030319
3700.0,0.976679
400.0,1.048446
2400.0,1.00451
1000.0,1.036261
100.0,1.339153
2600.0,1.021517
1100.0,1.022511
600.0,1.074073
4400.0,0.923452
2600.0,0.918026
1600.0,0.910472
4300.0,0.861894
2400.0,1.02032
800.0,1.060328
1200.0,1.060334
2300.0,1.0317
1600.0,1.044823
2300.0,0.966808
2600.0,1.037076
1900.0,0.978928
400.0,0.851305
3500.0,1.024312
4100.0,1.001503
3700.0,0.88445
500.0,0.935301
900.0,0.906395
3200.0,0.913464
3900.0,0.890117
4200.0,0.958355
3700.0,1.022676
4200.0,0.963691
1600.0,1.047918
1200.0,1.072002
1700.0,1.045302
4800.0,0.864982
1700.0,1.0043
2400.0,1.039344
4600.0,0.980811
300.0,1.053492
4500.0,1.013005
4100.0,0.943193
4700.0,0.90458
900.0,1.030639
2100.0,0.897744
3300.0,0.930251
1200.0,1.040803
4700.0,0.93595
1000.0,0.929424
2200.0,0.871276
100.0,0.891839
3100.0,0.892321
3200.0,0.890047
4000.0,0.923492
200.0,0.88949
1300.0,0.97141
4200.0,1.006109
2600.0,1.086216
3700.0,1.015009
4100.0,0.896857
2800.0,0.906688
4000.0,0.952007
2500.0,0.966498
3000.0,1.027895
1700.0,0.931692
1200.0,0.903719
1700.0,1.01829
800.0,1.042554
1600.0,1.086597
1700.0,1.009226
2500.0,1.046604
800.0,1.023186
800.0,1.049525
2200.0,0.955489
4000.0,0.968047
4800.0,0.907879
1200.0,1.041423
1800.0,1.051285
4300.0,0.883919
3900.0,1.004348
3500.0,0.982394
1300.0,1.055657
1500.0,0.910236
4200.0,0.87352
100.0,1.299908
4800.0,0.864668
700.0,0.949054
1000.0,0.99076
2600.0,0.987468
100.0,1.065247
800.0,1.034101
1900.0,1.042508
400.0,1.048232
2000.0,0.992792
1900.0,1.044677
1600.0,1.096766
2800.0,1.012938
1500.0,0.900408
1100.0,0.879101
2100.0,0.892529
900.0,0.937953
1400.0,0.879756
1700.0,0.877872
4100.0,0.999262
3000.0,1.016696
100.0,1.085892
3300.0,0.965063
4300.0,0.92965
4500.0,1.011292
3400.0,0.913175
4000.0,0.942635
1800.0,1.060124
1500.0,1.077755
3400.0,1.014382
1200.0,0.977672
3400.0,0.880146
4400.0,1.028433
2000.0,0.976272
2200.0,1.044154
4000.0,0.965811
4500.0,0.954566
4400.0,0.980611
200.0,1.072056
4400.0,1.037314
300.0,1.117769
2500.0,0.877545
1900.0,0.916475
2100.0,0.883232
700.0,0.919031
4700.0,0.85557
4200.0,0.877642
2000.0,0.89989
1200.0,1.04861
4500.0,0.920876
3300.0,0.910998
4400.0,0.961901
600.0,1.078585
2500.0,1.002026
4600.0,0.995978
4400.0,0.960865
2700.0,1.006321
3900.0,0.886039
4900.0,0.891223
1600.0,1.046144
2300.0,0.917386
800.0,0.942358
400.0,0.97481
700.0,0.924589
2800.0,0.87436
4400.0,0.887819
2600.0,1.036886
600.0,1.036701
3300.0,0.924742
3900.0,0.87794
1500.0,1.045864
900.0,0.935456
4100.0,0.856723
4200.0,0.882059
100.0,1.037409
3600.0,0.873486
2100.0,0.884486
2300.0,0.989841
3400.0,1.023551
4400.0,0.892545
1400.0,1.026955
3800.0,0.995639
3200.0,0.930826
700.0,0.922722
1700.0,0.964251
3900.0,0.942873
4900.0,0.989107
2300.0,0.927556
4700.0,0.866223
2600.0,1.031792
2100.0,0.924446
100.0,1.06568
3500.0,0.867367
1100.0,0.972499
2900.0,0.86356
4400.0,1.017713
1400.0,1.045367
3500.0,0.882415
4300.0,0.866898
2900.0,0.931999
1500.0,1.075171
500.0,1.045507
4300.0,0.89438
2100.0,0.945542
4700.0,0.953349
1200.0,1.081461
1100.0,1.054264
4100.0,0.897362
3700.0,0.924617
700.0,1.010204
1500.0,0.871011
2300.0,0.946212
1600.0,0.926573
2900.0,0.889378
3900.0,0.899217
1500.0,1.031835
2400.0,1.089214
3800.0,1.019177
1800.0,1.051767
3100.0,1.052749
1100.0,1.007671
1900.0,0.974405
2000.0,1.042585
1600.0,1.048675
1400.0,0.951218
200.0,1.077284
1000.0,1.090829
800.0,1.062292
1100.0,1.055338
2000.0,0.980575
3900.0,0.917244
400.0,1.082933
100.0,1.063201
2600.0,0.962983
1900.0,1.057091
1900.0,1.071157
1500.0,0.960125
2800.0,1.005689
3200.0,0.972166
3200.0,0.914818
800.0,0.993135
1000.0,1.064818
2000.0,1.053417
2500.0,0.992383
4700.0,0.872812
2400.0,0.991482
2400.0,0.982984
100.0,0.914344
4300.0,0.992586
2300.0,1.038834
3000.0,0.907767
3800.0,0.863253
2900.0,0.947846
3500.0,1.043362
300.0,0.849716
4800.0,1.011884
200.0,1.155612
3500.0,0.911488
900.0,1.063606
600.0,1.080277
3600.0,1.007998
4200.0,0.930987
700.0,1.070237
4700.0,0.986397
4300.0,1.040989
1400.0,1.06659
1100.0,1.002619
1400.0,1.056305
3000.0,1.001493
2200.0,1.038765
4900.0,1.004828
2900.0,0.960207
4600.0,0.998136
1100.0,1.046565
3700.0,1.018295
500.0,1.00612
2600.0,1.035485
4400.0,0.873772
700.0,0.93185
2100.0,0.875381
2000.0,0.99496
2200.0,1.040768
3900.0,0.888372
1100.0,1.047112
2300.0,0.901624
1500.0,1.094116
900.0,1.036554
800.0,1.015129
2500.0,1.009804
3100.0,0.902856
3600.0,1.018715
1500.0,1.073419
2700.0,1.000328
2100.0,1.049922
900.0,1.06658
3900.0,0.960566
3100.0,0.97536
3300.0,1.026248
800.0,1.037889
600.0,0.851308
3800.0,1.008708
1300.0,1.060686
2000.0,0.997532
2700.0,1.043803
4800.0,0.902718
4600.0,0.952249
3600.0,1.019704
1400.0,1.082594
4400.0,0.94716
1100.0,1.061992
2200.0,1.024163
2900.0,1.042464
4200.0,0.989212
1700.0,1.053591
3900.0,0.899679
3300.0,1.025298
4800.0,0.956555
1500.0,0.932035
2800.0,0.894223
4000.0,0.917375
3700.0,0.940234
1000.0,1.056637
1200.0,1.068219
600.0,1.004796
1400.0,1.060026
4800.0,0.926278
3200.0,0.938624
3900.0,1.025099
3700.0,0.974616
900.0,1.056551
1100.0,1.073311
3800.0,0.88092
4300.0,0.991459
1100.0,1.068531
4800.0,0.89686
4200.0,0.864394
2500.0,0.942274
1900.0,1.035844
3700.0,0.975512
2100.0,1.027288
1900.0,0.958954
3000.0,0.973414
1100.0,0.965581
2600.0,0.993433
3000.0,1.008593
1000.0,1.047729
4900.0,0.918748
3700.0,0.983109
3300.0,0.99632
4600.0,0.937635
2300.0,1.011051
4400.0,1.00726
2300.0,1.015919
600.0,0.883013
4800.0,0.964547
200.0,1.072471
3800.0,0.935329
1600.0,1.058873
4600.0,1.002918
1400.0,0.890408
900.0,0.904114
4100.0,0.946551
2500.0,1.043343
3000.0,0.913329
3000.0,1.046772
4200.0,0.955788
2400.0,0.928366
4600.0,1.029261
2900.0,0.922931
4600.0,0.919085
3400.0,0.921211
2100.0,1.06138
3100.0,0.93997
200.0,1.116525
4500.0,0.89473
4800.0,0.986537
3700.0,0.87629
4300.0,0.942233
4500.0,0.918808
4200.0,0.945333
2100.0,1.026394
100.0,1.322475
2400.0,0.923901
1200.0,1.059252
1800.0,0.962766
100.0,1.355644
3500.0,1.019187
2900.0,0.876891
3700.0,1.035284
2900.0,1.025786
1400.0,1.048324
4500.0,1.02254
1200.0,1.030007
3200.0,1.024109
3100.0,1.034459
1900.0,1.038991
2800.0,0.877283
2800.0,0.952395
2500.0,1.033762
3000.0,0.911181
4000.0,0.948211
2500.0,1.04673
3400.0,1.006756
200.0,1.156181
800.0,1.071607
100.0,1.07653
3500.0,1.000022
1800.0,1.043875
3700.0,0.94995
3300.0,1.073349
2700.0,0.920517
2200.0,1.039036
900.0,0.903688
3300.0,0.92366
4300.0,1.035034
2600.0,1.030374
4000.0,0.872445
1900.0,0.965495
3500.0,1.010135
100.0,1.073926
1600.0,1.056501
3600.0,0.933125
2600.0,0.926469
1900.0,1.063487
2400.0,1.002418
3500.0,0.863498
4600.0,0.970697
2400.0,0.98809
3300.0,0.997773
3300.0,0.907158
1300.0,1.064214
1000.0,1.037086
4400.0,0.989381
3500.0,0.968165
2700.0,1.037693
2900.0,1.03455
4400.0,0.991751
3500.0,0.8711
200.0,1.072256
1500.0,0.886029
4000.0,0.883328
2600.0,1.033298
4500.0,0.983077
1600.0,1.052974
4400.0,0.900927
1300.0,1.069662
1100.0,1.041332
4700.0,0.913855
1400.0,1.072119
2300.0,1.001269
4800.0,1.011206
1400.0,1.051773
500.0,0.877299
3100.0,0.959743
2800.0,1.031708
2900.0,0.988109
3300.0,0.931402
4100.0,0.958953
1800.0,1.040672
4500.0,0.970775
3100.0,0.927994
100.0,1.078824
800.0,1.074321
4800.0,0.896829
3500.0,0.873356
1100.0,0.980483
3200.0,0.866598
1200.0,1.002177
4000.0,0.908877
4200.0,1.001513
2400.0,1.030531
400.0,1.049757
3200.0,0.870878
1700.0,0.967967
2500.0,0.965559
400.0,0.902325
4300.0,0.94888
3700.0,0.923296
600.0,1.042046
3900.0,1.000523
4800.0,0.872925
4000.0,0.909115
1000.0,0.925131
4800.0,0.873776
4200.0,0.888951
800.0,0.968027
3400.0,1.008855
800.0,1.069465
1700.0,0.942006
1400.0,1.045741
3000.0,0.926264
900.0,0.902181
1200.0,0.890816
600.0,0.90015
1500.0,0.926162
2200.0,0.880676
4600.0,0.907229
1300.0,0.925534
2500.0,0.862808
3800.0,0.964537
1200.0,1.009427
4400.0,1.004201
700.0,1.045611
2300.0,1.009561
4100.0,0.970338
600.0,0.93209
1600.0,1.000313
300.0,0.870332
1800.0,1.050418
1900.0,0.944395
4300.0,0.912905
3800.0,0.999537
700.0,1.066564
1900.0,1.065615
800.0,1.053616
200.0,0.890751
3600.0,1.029806
2500.0,0.914901
2100.0,0.90402
2400.0,0.969128
3000.0,1.040486
3900.0,0.873693
4400.0,0.894162
4100.0,0.919845
300.0,0.891364
1300.0,1.021178
3400.0,0.924255
2400.0,0.950961
1500.0,1.030708
1200.0,1.053228
4000.0,0.970359
3700.0,0.929174
3000.0,0.994278
2000.0,1.073597
4100.0,1.01735
4500.0,0.975727
1700.0,0.870917
3000.0,0.892798
100.0,1.09234
1200.0,0.925864
2900.0,0.945353
2400.0,0.954835
4800.0,0.963266
1800.0,1.026305
4000.0,0.965911
4800.0,0.873626
4200.0,0.878093
2800.0,0.884182
3600.0,0.880233
3200.0,0.967265
2200.0,1.05688
1000.0,1.073803
900.0,1.078603
2300.0,1.030301
1800.0,1.005103
3100.0,0.945519
3400.0,0.930763
3400.0,0.918288
3400.0,0.930696
3000.0,1.003983
1800.0,1.036253
2200.0,1.057542
4400.0,0.961867
2000.0,1.083127
4800.0,0.981833
1500.0,1.044171
4100.0,0.950166
4300.0,1.009592
1400.0,1.082607
3500.0,0.892675
100.0,0.983161
1300.0,0.930541
2600.0,1.009875
1300.0,1.031033
2300.0,1.018887
300.0,0.888378
4400.0,1.001718
2600.0,0.995912
1800.0,1.041494
4600.0,0.950045
1100.0,1.081479
3900.0,0.96023
2900.0,0.867695
3000.0,0.971865
3600.0,1.010667
1600.0,1.003367
4700.0,0.935192
1500.0,1.063875
800.0,1.085628
3800.0,1.020636
800.0,1.043952
900.0,1.061566
3100.0,0.867747
400.0,0.998619
4900.0,0.856597
1900.0,0.89804
3500.0,0.869145
3600.0,0.964409
3400.0,0.934721
3100.0,1.035215
1700.0,1.063399
2500.0,1.023069
1700.0,1.056438
1800.0,1.045359
600.0,1.072745
1000.0,0.885513
3600.0,0.866184
1300.0,1.026226
3200.0,0.862806
3700.0,0.942816
1200.0,0.945367
3000.0,0.954387
4000.0,0.913892
2700.0,1.052261
2500.0,0.976295
4800.0,0.948869
3700.0,0.876129
4600.0,0.914958
200.0,0.895364
1400.0,0.911554
1600.0,0.914907
900.0,0.909914
3800.0,0.920336
900.0,1.05356
1000.0,1.065049
3700.0,0.961887
2600.0,0.95428
300.0,1.054104
200.0,1.06037
100.0,1.101949
3800.0,1.01448
1500.0,1.032159
4400.0,0.968111
2600.0,0.907996
200.0,0.856937
900.0,0.911151
2300.0,0.947882
4800.0,0.934763
900.0,0.928498
4900.0,0.874393
2200.0,0.978245
1500.0,1.041712
1400.0,1.06733
3900.0,0.98433
600.0,0.968459
300.0,1.054954
3200.0,0.99596
1200.0,1.09565
4900.0,0.941571
1400.0,1.008237
800.0,0.90243
4600.0,0.890863
900.0,0.931371
2400.0,0.919916
3700.0,1.012215
600.0,1.078125
2000.0,1.014967
1000.0,1.066313
3000.0,0.989401
800.0,1.093047
400.0,1.049765
2700.0,0.989444
1500.0,0.959893
1200.0,0.935948
1400.0,1.034504
4600.0,0.871633
4500.0,0.964064
900.0,1.045631
4400.0,0.886565
700.0,1.020793
700.0,1.088647
400.0,1.09854
3100.0,1.078349
3800.0,0.974124
3500.0,0.89785
1100.0,1.043254
2300.0,0.962118
1000.0,1.059523
2700.0,1.053797
2100.0,1.049007
500.0,1.049217
2000.0,0.958271
3000.0,1.028627
2000.0,1.032551
300.0,1.050193
4900.0,0.964669
100.0,1.099717
4900.0,0.975363
4300.0,0.959303
900.0,1.009505
1800.0,1.015144
1200.0,1.034813
4700.0,0.892648
1300.0,1.085045
3700.0,1.015814
3200.0,0.985273
3500.0,0.972986
1300.0,1.070581
800.0,1.038013
4500.0,0.968847
400.0,1.047
2800.0,0.96858
1200.0,1.054364
3200.0,0.952289
2500.0,1.077233
4600.0,0.926032
200.0,1.071579
3300.0,0.995009
2100.0,0.951761
3500.0,0.882019
3200.0,1.000013
2300.0,0.979918
4300.0,1.022458
1700.0,1.055213
700.0,1.066403
3300.0,0.943369
2700.0,1.01178
1900.0,1.046674
2100.0,1.000466
1200.0,1.06055
2500.0,1.011025
2600.0,0.905204
1700.0,1.054494
700.0,1.04096
2500.0,1.047876
3100.0,1.000585
2200.0,0.977005
2900.0,1.031232
4200.0,0.9445
600.0,1.108998
2500.0,1.074449
2300.0,1.025022
1500.0,0.97739
100.0,1.344299
600.0,0.949348
200.0,1.067458
2400.0,1.045379
1000.0,1.024362
500.0,1.04363
2500.0,1.007786
4000.0,1.001745
4600.0,0.946858
1000.0,1.055816
4500.0,0.872079
4000.0,0.900612
2100.0,0.958801
2500.0,0.90285
200.0,1.055695
4900.0,0.897712
2800.0,0.868314
4000.0,1.007386
1300.0,1.062263
600.0,1.043585
800.0,1.053569
3900.0,0.965856
3000.0,0.895199
100.0,0.971382
3200.0,0.861351
1300.0,1.046571
1800.0,0.966663
1900.0,0.98236
4300.0,0.86242
3300.0,0.940604
1400.0,1.064626
800.0,1.056306
2900.0,0.943504
1200.0,1.052929
1500.0,1.060315
600.0,1.060915
1100.0,0.88005
3700.0,0.947392
2200.0,1.051361
4700.0,0.981691
4900.0,0.931828
1500.0,1.064873
4900.0,0.897789
4800.0,0.899842
700.0,0.986066
500.0,1.077401
4900.0,0.871937
3700.0,0.90334
4300.0,1.004845
2900.0,0.959288
3000.0,0.981715
4200.0,1.027765
3300.0,0.994325
3600.0,1.030187
4000.0,0.927212
200.0,1.062046
2400.0,1.037918
3700.0,0.992756
3400.0,0.9793
1900.0,1.049495
3600.0,0.932656
4000.0,0.902962
3700.0,0.969685
700.0,1.06298
1100.0,1.035031
2300.0,1.031755
2000.0,0.98615
3100.0,1.036783
2400.0,0.939182
2100.0,1.004443
4900.0,0.966573
1100.0,1.07276
1100.0,1.05295
800.0,0.969203
2300.0,0.924945
4100.0,1.013972
4500.0,0.934529
2100.0,1.029643
3400.0,0.974647
2500.0,0.913942
3000.0,0.930981
3300.0,1.037474
4100.0,0.909944
800.0,1.102854
4600.0,0.93587
3300.0,0.995037
1700.0,1.0405
1900.0,0.946785
3500.0,0.875984
1000.0,0.928207
1700.0,0.896961
200.0,1.132501
2800.0,0.861145
400.0,0.875859
2800.0,0.867165
2900.0,0.940408
4800.0,0.969526
3000.0,0.97107
3200.0,0.885608
3300.0,1.018565
2100.0,0.941486
3200.0,0.882686
1300.0,0.953906
1400.0,1.035704
4400.0,1.012271
3300.0,0.921904
200.0,1.063553
3200.0,0.982845
1500.0,1.052555
3800.0,0.989185
4200.0,0.878977
1800.0,0.964532
2600.0,1.03833
1400.0,1.043869
4600.0,0.940348
4200.0,0.901404
2900.0,0.885487
1600.0,0.936188
100.0,1.351552
3100.0,0.872991
3200.0,0.898821
2100.0,1.012398
400.0,0.880589
4200.0,0.934972
3500.0,1.017022
1300.0,1.107414
4200.0,0.985914
200.0,1.065044
1900.0,1.034549
1400.0,1.03135
4600.0,0.989003
1200.0,1.057693
700.0,1.040636
1100.0,0.914198
1000.0,1.054372
100.0,1.376972
200.0,1.286621
3300.0,1.0027
3200.0,0.912331
2300.0,0.985985
100.0,1.008642
4700.0,0.878426
3600.0,0.886584
300.0,0.889894
4600.0,0.862302
4100.0,0.865176
3000.0,0.966355
1400.0,1.060233
3000.0,0.969609
4700.0,0.916688
200.0,0.920089
3100.0,0.859975
4800.0,0.869645
300.0,0.877461
3400.0,0.886419
1200.0,0.922532
2100.0,1.04394
2900.0,1.059571
1800.0,1.053906
1900.0,0.940705
4600.0,0.884875
1600.0,0.879107
4200.0,0.870475
3300.0,0.919078
2500.0,0.904365
2200.0,1.022767
2700.0,0.923775
900.0,0.926276
4700.0,0.930141
3400.0,0.915175
1100.0,0.873573
2400.0,0.990418
4800.0,0.9169
2100.0,0.950894
4300.0,0.876452
3800.0,0.906123
3000.0,1.054436
2900.0,0.902018
1800.0,1.044133
1600.0,0.998705
4400.0,0.870378
3800.0,0.877474
3100.0,0.888876
3600.0,0.873174
3400.0,0.919473
3300.0,0.950978
1800.0,1.042695
2300.0,0.88823
4400.0,0.867109
2200.0,1.038723
1600.0,1.037395
400.0,1.048277
1500.0,1.046882
4500.0,0.946278
400.0,0.910209
900.0,1.057802
4100.0,0.98651
4200.0,0.990759
4200.0,0.960506
4200.0,0.997996
1300.0,1.058627
600.0,1.06497
4800.0,0.9521
1000.0,1.091452
1100.0,1.076439
3800.0,0.967478
3500.0,0.980781
4500.0,1.021462
1200.0,1.034601
500.0,1.09331
2700.0,0.925226
800.0,1.058667
1900.0,1.06061
3100.0,0.921118
400.0,1.050552
4500.0,0.948241
4600.0,0.880409
3900.0,0.87384
3800.0,0.987109
4800.0,0.900943
4100.0,0.980114
1200.0,1.044378
4800.0,0.979104
3700.0,0.863775
4400.0,0.890531
3700.0,0.979136
2800.0,0.984687
200.0,1.061354
200.0,1.06812
300.0,1.05494
3600.0,1.005336
700.0,0.933644
900.0,0.895511
3400.0,0.863608
2900.0,0.93678
600.0,0.87919
400.0,0.902776
1100.0,0.984593
3300.0,0.861876
3000.0,0.905075
4900.0,0.892028
700.0,0.994838
4000.0,1.028745
800.0,1.061703
1300.0,1.049726
4600.0,0.959946
600.0,0.895546
1900.0,0.949183
4600.0,1.034052
3200.0,0.977381
4100.0,1.021757
3500.0,1.00894
4200.0,0.883925
4000.0,1.005705
2600.0,0.923477
4900.0,0.919496
400.0,1.05126
4200.0,0.905454
4700.0,0.910196
400.0,1.062558
4700.0,0.883547
1800.0,0.885315
3400.0,0.868956
4600.0,1.027208
4300.0,0.934152
700.0,0.974757
3100.0,0.905338
1300.0,1.021964
1200.0,0.945453
2400.0,0.955614
4700.0,0.985446
3000.0,1.032067
2400.0,1.021731
4900.0,0.983804
800.0,1.409141
3100.0,1.095278
3400.0,1.01462
4600.0,0.968244
1400.0,1.054599
2800.0,0.999225
100.0,0.992027
1500.0,1.084659
2400.0,1.03055
800.0,1.01318
2900.0,0.985839
2200.0,0.891777
4500.0,0.870976
1000.0,0.999688
2900.0,0.87418
1800.0,1.011142
1300.0,1.027821
2400.0,0.914177
1700.0,1.027557
2200.0,1.041234
2300.0,1.037187
1400.0,1.108136
4200.0,1.029253
4700.0,0.932053
4000.0,0.867065
2200.0,0.913807
1700.0,0.9323
4700.0,0.881105
3100.0,0.961082
600.0,1.095767
4800.0,0.903618
2900.0,0.86579
1200.0,0.967196
3000.0,0.931026
3800.0,0.885275
400.0,0.879285
3700.0,0.883432
4100.0,0.923611
3200.0,1.042769
1400.0,1.035047
3300.0,0.955242
2000.0,1.038151
2900.0,0.862868
1700.0,1.049252
3000.0,0.929105
3300.0,0.861659
4200.0,0.892472
2600.0,1.044769
4500.0,0.99647
4700.0,0.915708
4900.0,0.866099
4700.0,1.001478
4500.0,0.961865
1800.0,0.997738
1000.0,0.978259
2500.0,0.888848
400.0,0.998901
2200.0,0.953702
1100.0,1.033571
2400.0,0.888623
600.0,0.978542
900.0,1.074269
2400.0,0.88936
3400.0,0.870515
2800.0,0.89317
3400.0,0.901184
2000.0,1.018049
600.0,1.111242
1500.0,1.05233
200.0,1.178416
3300.0,1.01025
2000.0,1.047682
3000.0,0.871571
3800.0,0.965253
900.0,0.952266
4800.0,0.859972
3200.0,0.868434
4400.0,0.978019
700.0,0.94204
4400.0,0.856592
1400.0,1.078041
2700.0,0.873789
2200.0,0.937697
1600.0,0.9079
500.0,0.924823
600.0,0.89256
2500.0,1.002625
2900.0,0.91761
2200.0,0.995839
4900.0,1.032915
700.0,1.039056
3300.0,0.877104
4900.0,0.875556
2400.0,0.991016
3100.0,0.891411
2600.0,0.868128
3600.0,0.902664
2800.0,1.019091
1100.0,1.044226
3000.0,0.994533
3400.0,0.959037
2200.0,1.040086
4000.0,0.936892
1300.0,0.950053
1900.0,1.046283
3400.0,0.994091
1600.0,0.931178
1700.0,0.999372
2600.0,0.921007
4400.0,0.947932
1200.0,1.063582
1300.0,1.038859
2000.0,1.049249
500.0,1.052893
4400.0,0.95667
2200.0,1.045189
1600.0,0.925725
4100.0,1.016298
1100.0,0.884705
2300.0,0.881397
400.0,0.937138
4400.0,0.966176
1600.0,1.062174
4300.0,0.888367
300.0,1.105648
1500.0,0.874959
2000.0,0.893158
4400.0,0.912823
2700.0,0.867285
2800.0,0.960884
4700.0,1.003902
1800.0,1.052413
100.0,1.097175
2900.0,0.932287
600.0,1.1168
1200.0,1.063756
400.0,0.865861
2300.0,0.879518
1400.0,1.047165
900.0,0.904201
3700.0,0.888825
2300.0,0.940341
4200.0,0.883994
2800.0,0.869836
4100.0,0.907423
500.0,0.967739
2000.0,1.066208
1700.0,1.041989
1100.0,0.981157
1600.0,0.907893
2300.0,0.899422
3900.0,0.907604
2400.0,0.912816
2400.0,0.976309
1600.0,1.064706
4300.0,0.859671
3100.0,0.898003
4000.0,0.980769
2600.0,0.888616
4700.0,0.858648
3200.0,0.901375
4400.0,0.900024
2500.0,0.933284
1400.0,0.997009
500.0,1.004472
4700.0,0.975303
4800.0,0.872795
4600.0,0.946074
100.0,0.953526
1600.0,0.912633
4300.0,0.919177
800.0,0.908631
1900.0,0.87563
3700.0,0.919989
2600.0,1.065273
500.0,1.069985
2000.0,1.043932
4800.0,0.889814
4500.0,0.907034
3600.0,0.881547
2800.0,0.975955
3900.0,1.05941
2600.0,0.884092
4100.0,0.863964
1900.0,0.91022
3900.0,0.869619
1000.0,1.000502
3800.0,0.88088
4300.0,0.96947
4100.0,0.956132
400.0,0.916908
1100.0,1.055434
2400.0,0.994258
1900.0,1.04959
2700.0,0.922232
1100.0,1.044773
800.0,1.055887
2000.0,0.996312
2200.0,0.996648
600.0,1.094262
3600.0,0.970295
1300.0,1.068467
400.0,1.108814
4100.0,0.899901
3200.0,0.996379
1300.0,1.071496
4300.0,0.933663
4800.0,0.86945
2100.0,0.996405
1300.0,1.037615
1500.0,1.065303
3000.0,0.922901
3400.0,1.009526
2600.0,1.063653
4300.0,1.027222
4300.0,0.932165
700.0,1.03158
2000.0,0.929334
4900.0,0.86249
1600.0,1.034785
300.0,0.935154
3500.0,1.021751
500.0,1.050601
400.0,1.053672
200.0,0.867486
4500.0,1.026374
4800.0,0.98877
4900.0,0.974959
3000.0,0.9646
2900.0,1.053841
4000.0,1.016484
4500.0,0.877884
1600.0,1.065843
500.0,1.046526
4800.0,0.989462
1500.0,1.059387
1500.0,1.074363
3200.0,0.991136
2400.0,0.956351
400.0,0.986502
600.0,0.974932
200.0,1.156935
1200.0,1.125534
3200.0,1.026484
600.0,0.964311
3100.0,1.010611
4000.0,0.952055
2900.0,1.042508
3700.0,0.941905
4600.0,0.970888
300.0,1.127074
2600.0,1.045566
1800.0,0.879279
3800.0,0.872307
3300.0,0.91565
3000.0,1.010367
4600.0,0.980733
300.0,1.054968
3300.0,1.019449
3700.0,1.005565
2200.0,1.051147
1200.0,1.078051
3000.0,1.007981
2800.0,0.990685
4700.0,0.936376
400.0,0.855549
2800.0,1.018069
4300.0,0.981631
4700.0,1.010315
3600.0,0.980055
4500.0,0.916875
4400.0,0.994571
1300.0,1.065252
2900.0,0.928078
900.0,1.064663
2700.0,1.035871
4700.0,0.947953
1600.0,0.997246
4400.0,0.926204
500.0,0.972562
4600.0,0.854516
1100.0,1.05059
200.0,1.198036
2300.0,0.874364
1600.0,0.917202
1500.0,0.87605
1900.0,1.084221
4500.0,1.011582
2400.0,1.043042
800.0,1.087914
2500.0,0.870376
3600.0,0.887541
1400.0,0.928304
4600.0,0.858632
1700.0,1.040359
500.0,0.884553
3300.0,0.910286
2200.0,0.992686
1600.0,1.044985
4500.0,0.914087
3900.0,1.010423
2000.0,1.053995
2400.0,0.9097
2600.0,1.053388
1400.0,1.004742
1900.0,1.054118
500.0,1.043417
2300.0,1.025987
3200.0,1.031346
700.0,1.064971
2200.0,1.011241
1400.0,1.074623
4600.0,0.9662
2200.0,1.040258
1400.0,1.023313
2600.0,0.867495
200.0,1.372238
3800.0,0.860661
